# File generated by ImageToStl.com - Free Image and 3D model conversion tools

mtllib paper_mario_sticker_star_luxurious_bed.mtl

o obj1
v -14.00520039 33.22569949 20.36000206
v -13.46199989 33.22569946 20.9032016
v -13.57229996 34.91139891 21.31480179
v -14.44839954 20.91019922 20.47880073
v -14.41679955 34.91139895 20.4703022
v -14.13080025 20.91019928 19.293601
v -13.8064003 33.22569952 19.61800148
v -12.41870022 34.91139892 21.00570068
v -13.58080006 20.91019919 21.34630104
v -12.72000027 33.22569947 20.70440056
v -14.10770035 34.911399 19.31670151
v -14.07759953 11.47279941 19.34680035
v -12.94569969 20.91019929 18.97610184
v -12.96510029 11.47279942 19.04880002
v -12.10960007 34.91139897 19.8521019
v -14.3757 11.47279936 20.45929959
v -12.39560032 20.9101992 21.02879997
v -13.56130028 11.47279932 21.27360013
v -13.06439972 33.22569953 19.41920235
v -12.95409966 34.91139901 19.00760231
v -12.15079975 11.47279939 19.86310055
v -12.52120018 33.22569951 19.96240189
v -12.44880009 11.47279934 20.97559979
v -12.52120018 33.22569951 19.96240189
v -12.10960007 34.91139897 19.8521019
v -12.0781002 20.91019925 19.84360023
v -12.0781002 20.91019925 19.84360023
v -12.15079975 11.47279939 19.86310055
v -14.13080025 20.91020096 -19.29359917
v -14.07759953 11.4728011 -19.34679935
v -12.96510029 11.47280109 -19.04879901
v -14.44839954 20.91020101 -20.47879891
v -12.94569969 20.91020095 -18.97610001
v -14.00520039 33.22570127 -20.35999916
v -13.8064003 33.22570124 -19.61799858
v -14.3757 11.47280115 -20.45929859
v -12.15079975 11.47280112 -19.86309955
v -14.41679955 34.91140074 -20.47029915
v -13.06439972 33.22570123 -19.41919944
v -14.10770035 34.91140069 -19.31669846
v -13.58080006 20.91020105 -21.34629921
v -13.46199989 33.22570129 -20.9031987
v -12.0781002 20.91020099 -19.84359841
v -13.57229996 34.91140077 -21.31479874
v -12.95409966 34.91140067 -19.00759926
v -13.56130028 11.47280118 -21.27359912
v -12.52120018 33.22570125 -19.96239898
v -12.41870022 34.91140076 -21.00569763
v -12.39560032 20.91020104 -21.02879814
v -12.72000027 33.22570128 -20.70439766
v -12.10960007 34.91140071 -19.85209885
v -12.44880009 11.47280117 -20.97559879
v -12.10960007 34.91140071 -19.85209885
v -12.0781002 20.91020099 -19.84359841
v -12.52120018 33.22570125 -19.96239898
v -12.15079975 11.47280112 -19.86309955
v 12.39560032 20.91020104 -21.02879814
v 13.56130028 11.47280118 -21.27359912
v 12.44880009 11.47280117 -20.97559879
v 13.58080006 20.91020105 -21.34629921
v 12.0781002 20.91020099 -19.84359841
v 12.72000027 33.22570128 -20.70439766
v 12.52120018 33.22570125 -19.96239898
v 14.3757 11.47280115 -20.45929859
v 12.15079975 11.47280112 -19.86309955
v 12.10960007 34.91140071 -19.85209885
v 13.06439972 33.22570123 -19.41919944
v 12.95409966 34.91140067 -19.00759926
v 14.44839954 20.91020101 -20.47879891
v 13.46199989 33.22570129 -20.9031987
v 12.94569969 20.91020095 -18.97610001
v 12.96510029 11.47280109 -19.04879901
v 12.41870022 34.91140076 -21.00569763
v 14.10770035 34.91140069 -19.31669846
v 14.00520039 33.22570127 -20.35999916
v 14.13080025 20.91020096 -19.29359917
v 14.07759953 11.4728011 -19.34679935
v 13.57229996 34.91140077 -21.31479874
v 13.8064003 33.22570124 -19.61799858
v 14.44839954 20.91020101 -20.47879891
v 14.3757 11.47280115 -20.45929859
v 14.41679955 34.91140074 -20.47029915
v 14.41679955 34.91140074 -20.47029915
v 14.00520039 33.22570127 -20.35999916
v 14.13080025 20.91019928 19.293601
v 14.07759953 11.47279941 19.34680035
v 12.96510029 11.47279942 19.04880002
v 14.44839954 20.91019922 20.47880073
v 12.94569969 20.91019929 18.97610184
v 14.00520039 33.22569949 20.36000206
v 13.8064003 33.22569952 19.61800148
v 14.3757 11.47279936 20.45929959
v 12.15079975 11.47279939 19.86310055
v 14.41679955 34.91139895 20.4703022
v 13.06439972 33.22569953 19.41920235
v 14.10770035 34.911399 19.31670151
v 13.58080006 20.91019919 21.34630104
v 13.46199989 33.22569946 20.9032016
v 12.0781002 20.91019925 19.84360023
v 13.57229996 34.91139891 21.31480179
v 12.95409966 34.91139901 19.00760231
v 13.56130028 11.47279932 21.27360013
v 12.52120018 33.22569951 19.96240189
v 12.41870022 34.91139892 21.00570068
v 12.39560032 20.9101992 21.02879997
v 12.72000027 33.22569947 20.70440056
v 12.10960007 34.91139897 19.8521019
v 12.44880009 11.47279934 20.97559979
v 12.10960007 34.91139897 19.8521019
v 12.0781002 20.91019925 19.84360023
v 12.52120018 33.22569951 19.96240189
v 12.15079975 11.47279939 19.86310055
v 0 1.08463916 19.70560079
v 2.59123993 10.74759874 19.70560121
v 4.17940998 9.35155878 19.70560115
v 0 11.09629926 19.70560122
v 4.04955006 2.73625908 19.70560086
v -2.59123993 10.74759874 19.70560121
v -4.17940998 9.35155878 19.70560115
v -4.04954004 2.73625908 19.70560086
v 5.16210985 9.35155878 19.70560115
v -5.16210985 9.35155878 19.70560115
v -5.88223982 8.27231893 19.7056011
v -7.17733002 7.88220892 19.70560108
v -12.00450039 2.73625908 19.70560086
v 5.88223982 8.27231893 19.7056011
v -8.50755978 8.43575868 19.70560111
v -10.25010014 8.43575868 19.70560111
v -11.12660027 8.95053873 19.70560113
v -12.00450039 9.14682874 19.70560114
v 7.17733002 7.88220892 19.70560108
v 12.00450039 2.73625908 19.70560086
v 8.50755978 8.43575868 19.70560111
v 10.25010014 8.43575868 19.70560111
v 11.12660027 8.95053873 19.70560113
v 12.00450039 9.14682874 19.70560114
v 0 1.08463911 21.06040006
v 4.17940998 9.35155872 21.06040042
v 2.59123993 10.74759868 21.06040048
v 4.04955006 2.73625902 21.06040013
v 0 11.0962992 21.06040049
v -2.59123993 10.74759868 21.06040048
v -4.17940998 9.35155872 21.06040042
v -4.04954004 2.73625902 21.06040013
v 5.16210985 9.35155872 21.06040042
v 5.88223982 8.27231887 21.06040037
v 7.17733002 7.88220886 21.06040035
v 12.00450039 2.73625902 21.06040013
v -5.16210985 9.35155872 21.06040042
v 8.50755978 8.43575862 21.06040038
v 10.25010014 8.43575862 21.06040038
v 11.12660027 8.95053867 21.0604004
v 12.00450039 9.14682868 21.06040041
v -5.88223982 8.27231887 21.06040037
v -7.17733002 7.88220886 21.06040035
v -12.00450039 2.73625902 21.06040013
v -8.50755978 8.43575862 21.06040038
v -10.25010014 8.43575862 21.06040038
v -11.12660027 8.95053867 21.0604004
v -12.00450039 9.14682868 21.06040041
v -11.69019985 15.48120107 -19.56359986
v -12.00549984 12.31620111 -19.5636
v 12.00450039 12.31620111 -19.5636
v 11.68910027 15.48120107 -19.56359986
v 3.80404997 21.6879014 -19.56359959
v -3.80507994 21.6879014 -19.56359959
v -7.0486002 20.69140138 -19.56359964
v -9.91528988 18.61390009 -19.56359973
v -12.00549984 4.80364074 -19.56360033
v 7.04757023 20.69140138 -19.56359964
v 9.91425037 18.61390009 -19.56359973
v -2.45278001 22.96900072 -19.56359954
v 12.00450039 4.80364074 -19.56360033
v 2.45175004 22.96900072 -19.56359954
v -0.00051556 24.14720049 -19.56359948
v -11.69019985 15.48120113 -20.84379891
v -9.91528988 18.61390014 -20.84379878
v -7.0486002 20.69140144 -20.84379869
v -3.80507994 21.68790145 -20.84379864
v 3.80404997 21.68790145 -20.84379864
v 11.68910027 15.48120113 -20.84379891
v 12.00450039 12.31620117 -20.84379905
v -12.00549984 12.31620117 -20.84379905
v 2.45175004 22.96900077 -20.84379859
v -2.45278001 22.96900077 -20.84379859
v 7.04757023 20.69140144 -20.84379869
v 9.91425037 18.61390014 -20.84379878
v 12.00450039 3.106811 -20.84379946
v -0.00051559 24.14720054 -20.84379854
v -12.00549984 3.106811 -20.84379946
v 0 1.08463916 19.70560079
v 4.04955006 2.73625902 21.06040013
v 0 1.08463911 21.06040006
v 4.04955006 2.73625908 19.70560086
v -4.04954004 2.73625902 21.06040013
v -4.04954004 2.73625908 19.70560086
v 12.00450039 2.73625902 21.06040013
v 12.00450039 2.73625908 19.70560086
v -12.00450039 2.73625902 21.06040013
v -12.00450039 2.73625908 19.70560086
v 11.68910027 15.48120113 -20.84379891
v 9.91425037 18.61390009 -19.56359973
v 11.68910027 15.48120107 -19.56359986
v 9.91425037 18.61390014 -20.84379878
v 12.00450039 12.31620111 -19.5636
v 12.00450039 12.31620117 -20.84379905
v 7.04757023 20.69140138 -19.56359964
v 7.04757023 20.69140144 -20.84379869
v 12.00450039 4.80364074 -19.56360033
v 3.80404997 21.6879014 -19.56359959
v 3.80404997 21.68790145 -20.84379864
v 12.00450039 3.106811 -20.84379946
v -11.69019985 15.48120113 -20.84379891
v -11.69019985 15.48120107 -19.56359986
v -9.91528988 18.61390009 -19.56359973
v -12.00549984 12.31620111 -19.5636
v -9.91528988 18.61390014 -20.84379878
v -12.00549984 12.31620117 -20.84379905
v -7.0486002 20.69140138 -19.56359964
v -12.00549984 4.80364074 -19.56360033
v -12.00549984 3.106811 -20.84379946
v -7.0486002 20.69140144 -20.84379869
v -3.80507994 21.6879014 -19.56359959
v -3.80507994 21.68790145 -20.84379864
v 11.12660027 8.95053867 21.0604004
v 12.00450039 9.14682868 21.06040041
v 12.00450039 9.14682874 19.70560114
v 11.12660027 8.95053873 19.70560113
v 10.25010014 8.43575862 21.06040038
v 10.25010014 8.43575868 19.70560111
v 2.59123993 10.74759874 19.70560121
v 4.17940998 9.35155872 21.06040042
v 4.17940998 9.35155878 19.70560115
v 2.59123993 10.74759868 21.06040048
v 0 11.09629926 19.70560122
v 0 11.0962992 21.06040049
v -2.59123993 10.74759874 19.70560121
v -2.59123993 10.74759868 21.06040048
v -4.17940998 9.35155878 19.70560115
v -4.17940998 9.35155872 21.06040042
v 5.88223982 8.27231887 21.06040037
v 5.88223982 8.27231893 19.7056011
v 5.16210985 9.35155872 21.06040042
v 7.17733002 7.88220892 19.70560108
v 7.17733002 7.88220886 21.06040035
v 5.16210985 9.35155878 19.70560115
v 8.50755978 8.43575868 19.70560111
v 8.50755978 8.43575862 21.06040038
v 10.25010014 8.43575868 19.70560111
v 10.25010014 8.43575862 21.06040038
v -11.12660027 8.95053867 21.0604004
v -12.00450039 9.14682874 19.70560114
v -12.00450039 9.14682868 21.06040041
v -11.12660027 8.95053873 19.70560113
v -10.25010014 8.43575862 21.06040038
v -10.25010014 8.43575868 19.70560111
v -5.88223982 8.27231887 21.06040037
v -5.16210985 9.35155872 21.06040042
v -5.88223982 8.27231893 19.7056011
v -7.17733002 7.88220892 19.70560108
v -7.17733002 7.88220886 21.06040035
v -5.16210985 9.35155878 19.70560115
v -8.50755978 8.43575868 19.70560111
v -8.50755978 8.43575862 21.06040038
v -10.25010014 8.43575868 19.70560111
v -10.25010014 8.43575862 21.06040038
v 2.45175004 22.96900072 -19.56359954
v 2.45175004 22.96900077 -20.84379859
v -0.00051556 24.14720049 -19.56359948
v -0.00051559 24.14720054 -20.84379854
v -2.45278001 22.96900072 -19.56359954
v -0.00051556 24.14720049 -19.56359948
v -2.45278001 22.96900077 -20.84379859
v -0.00051559 24.14720054 -20.84379854
v -11.90999985 38.77780237 -19.6813986
v -12.51690006 40.18439951 -19.68139854
v -13.24050045 40.05989924 -19.68139855
v -11.90999985 39.77500239 -19.68139856
v -14.49380016 38.77780237 -19.6813986
v -11.90999985 38.77780241 -20.56549856
v -13.24050045 40.05989928 -20.56549851
v -12.51690006 40.18439955 -20.5654985
v -14.49380016 38.77780241 -20.56549856
v -11.90999985 39.77500242 -20.56549852
v -13.24050045 40.05989928 -20.56549851
v -13.24050045 40.05989924 -19.68139855
v -12.51690006 40.18439955 -20.5654985
v -14.49380016 38.77780237 -19.6813986
v -14.49380016 38.77780241 -20.56549856
v -12.51690006 40.18439951 -19.68139854
v -11.90999985 39.77500242 -20.56549852
v -11.90999985 39.77500239 -19.68139856
v -11.90999985 38.77780241 -20.56549856
v -11.90999985 38.77780237 -19.6813986
v 2.45278001 40.09960261 -19.68139855
v 0.00051556 41.27780237 -19.68139849
v -2.45175004 40.09960261 -19.68139855
v -3.80404997 38.77780237 -19.6813986
v 3.80507994 38.77780237 -19.6813986
v 2.45278001 40.09960264 -20.56549851
v -2.45175004 40.09960264 -20.56549851
v 0.00051556 41.27780241 -20.56549846
v -3.80404997 38.77780241 -20.56549856
v 3.80507994 38.77780241 -20.56549856
v -2.45175004 40.09960264 -20.56549851
v -2.45175004 40.09960261 -19.68139855
v 0.00051556 41.27780241 -20.56549846
v -3.80404997 38.77780237 -19.6813986
v -3.80404997 38.77780241 -20.56549856
v 0.00051556 41.27780237 -19.68139849
v 2.45278001 40.09960264 -20.56549851
v 0.00051556 41.27780241 -20.56549846
v 0.00051556 41.27780237 -19.68139849
v 2.45278001 40.09960261 -19.68139855
v 3.80507994 38.77780241 -20.56549856
v 3.80507994 38.77780237 -19.6813986
v 11.90999985 38.77780237 -19.6813986
v 13.24050045 40.05989924 -19.68139855
v 12.51690006 40.18439951 -19.68139854
v 14.49380016 38.77780237 -19.6813986
v 11.90999985 39.77500239 -19.68139856
v 11.90999985 38.77780241 -20.56549856
v 12.51690006 40.18439955 -20.5654985
v 13.24050045 40.05989928 -20.56549851
v 11.90999985 39.77500242 -20.56549852
v 14.49380016 38.77780241 -20.56549856
v 13.24050045 40.05989928 -20.56549851
v 12.51690006 40.18439955 -20.5654985
v 13.24050045 40.05989924 -19.68139855
v 14.49380016 38.77780237 -19.6813986
v 14.49380016 38.77780241 -20.56549856
v 12.51690006 40.18439951 -19.68139854
v 11.90999985 39.77500242 -20.56549852
v 11.90999985 39.77500239 -19.68139856
v 11.90999985 38.77780241 -20.56549856
v 11.90999985 38.77780237 -19.6813986
v 11.90999985 38.77780065 19.68140199
v 12.51690006 40.18439779 19.68140206
v 13.24050045 40.05989752 19.68140205
v 11.90999985 39.77500067 19.68140204
v 14.49380016 38.77780065 19.68140199
v 11.90999985 38.77780061 20.56550195
v 13.24050045 40.05989748 20.56550201
v 12.51690006 40.18439775 20.56550202
v 14.49380016 38.77780061 20.56550195
v 11.90999985 39.77500063 20.565502
v 13.24050045 40.05989748 20.56550201
v 13.24050045 40.05989752 19.68140205
v 12.51690006 40.18439775 20.56550202
v 14.49380016 38.77780065 19.68140199
v 14.49380016 38.77780061 20.56550195
v 12.51690006 40.18439779 19.68140206
v 11.90999985 39.77500063 20.565502
v 11.90999985 39.77500067 19.68140204
v 11.90999985 38.77780061 20.56550195
v 11.90999985 38.77780065 19.68140199
v -2.45278001 40.09960089 19.68140205
v -0.00051556 41.27780065 19.6814021
v 2.45175004 40.09960089 19.68140205
v 3.80404997 38.77780065 19.68140199
v -3.80507994 38.77780065 19.68140199
v -2.45278001 40.09960085 20.56550201
v 2.45175004 40.09960085 20.56550201
v -0.00051556 41.27780061 20.56550206
v 3.80404997 38.77780061 20.56550195
v -3.80507994 38.77780061 20.56550195
v 2.45175004 40.09960085 20.56550201
v 2.45175004 40.09960089 19.68140205
v -0.00051556 41.27780061 20.56550206
v 3.80404997 38.77780065 19.68140199
v 3.80404997 38.77780061 20.56550195
v -0.00051556 41.27780065 19.6814021
v -2.45278001 40.09960085 20.56550201
v -0.00051556 41.27780061 20.56550206
v -0.00051556 41.27780065 19.6814021
v -2.45278001 40.09960089 19.68140205
v -3.80507994 38.77780061 20.56550195
v -3.80507994 38.77780065 19.68140199
v -11.90999985 38.77780065 19.68140199
v -13.24050045 40.05989752 19.68140205
v -12.51690006 40.18439779 19.68140206
v -14.49380016 38.77780065 19.68140199
v -11.90999985 39.77500067 19.68140204
v -11.90999985 38.77780061 20.56550195
v -12.51690006 40.18439775 20.56550202
v -13.24050045 40.05989748 20.56550201
v -11.90999985 39.77500063 20.565502
v -14.49380016 38.77780061 20.56550195
v -13.24050045 40.05989748 20.56550201
v -12.51690006 40.18439775 20.56550202
v -13.24050045 40.05989752 19.68140205
v -14.49380016 38.77780065 19.68140199
v -14.49380016 38.77780061 20.56550195
v -12.51690006 40.18439779 19.68140206
v -11.90999985 39.77500063 20.565502
v -11.90999985 39.77500067 19.68140204
v -11.90999985 38.77780061 20.56550195
v -11.90999985 38.77780065 19.68140199
v 12.38339996 38.5281974 19.28140236
v -12.38339996 38.52819908 -19.23769782
v -12.38339996 38.5281974 19.28140236
v 12.38339996 38.52819908 -19.23769782
v 12.38339996 37.4093026 -19.23769787
v -12.38339996 37.40930091 19.28140232
v -12.38339996 37.4093026 -19.23769787
v 12.38339996 37.40930091 19.28140232
v 14.08749962 4.80363903 19.74620077
v -14.13860035 4.80364074 -19.56360033
v -14.13860035 4.80363903 19.74620077
v 14.08749962 4.80364074 -19.56360033
v 14.08749962 3.10680099 -20.84379946
v -14.13860035 3.10679922 19.7462007
v -14.13860035 3.10680099 -20.84379946
v 14.08749962 3.10679922 19.7462007
v 14.08749962 4.80364074 -19.56360033
v 14.08749962 3.10679922 19.7462007
v 14.08749962 3.10680099 -20.84379946
v 14.08749962 4.80363903 19.74620077
v -14.13860035 3.10679922 19.7462007
v -14.13860035 4.80364074 -19.56360033
v -14.13860035 3.10680099 -20.84379946
v -14.13860035 4.80363903 19.74620077
v 14.08749962 3.10679922 19.7462007
v 14.08749962 4.80363903 19.74620077
v 5.16210985 9.35155878 19.70560115
v 4.17940998 9.35155872 21.06040042
v 5.16210985 9.35155872 21.06040042
v 4.17940998 9.35155878 19.70560115
v -4.17940998 9.35155872 21.06040042
v -5.16210985 9.35155878 19.70560115
v -5.16210985 9.35155872 21.06040042
v -4.17940998 9.35155878 19.70560115
v 12.00450039 34.91140078 -21.41989937
v 14.52190018 38.77780245 -21.4198992
v 14.52190018 34.91140078 -21.41989937
v 12.00450039 38.77780245 -21.4198992
v 12.00450039 38.77780245 -21.4198992
v 14.52190018 38.77780234 -18.90249846
v 14.52190018 38.77780245 -21.4198992
v 12.00450039 38.77780234 -18.90249846
v 12.00450039 38.77780234 -18.90249846
v 14.52190018 34.91140067 -18.90249863
v 14.52190018 38.77780234 -18.90249846
v 12.00450039 34.91140067 -18.90249863
v 12.00450039 34.91140067 -18.90249863
v 14.52190018 34.91140078 -21.41989937
v 14.52190018 34.91140067 -18.90249863
v 12.00450039 34.91140078 -21.41989937
v 12.00450039 34.91140067 -18.90249863
v 12.00450039 38.77780245 -21.4198992
v 12.00450039 34.91140078 -21.41989937
v 12.00450039 38.77780234 -18.90249846
v 14.52190018 34.91140078 -21.41989937
v 14.52190018 38.77780234 -18.90249846
v 14.52190018 34.91140067 -18.90249863
v 14.52190018 38.77780245 -21.4198992
v 12.00450039 9.4E-07 -21.41990089
v 14.52190018 11.47280119 -21.41990039
v 14.52190018 9.4E-07 -21.41990089
v 12.00450039 11.47280119 -21.41990039
v 12.00450039 11.47280119 -21.41990039
v 14.52190018 11.47280108 -18.90249965
v 14.52190018 11.47280119 -21.41990039
v 12.00450039 11.47280108 -18.90249965
v 12.00450039 11.47280108 -18.90249965
v 14.52190018 8.3E-07 -18.90250015
v 14.52190018 11.47280108 -18.90249965
v 12.00450039 8.3E-07 -18.90250015
v 12.00450039 8.3E-07 -18.90250015
v 14.52190018 9.4E-07 -21.41990089
v 14.52190018 8.3E-07 -18.90250015
v 12.00450039 9.4E-07 -21.41990089
v 12.00450039 8.3E-07 -18.90250015
v 12.00450039 11.47280119 -21.41990039
v 12.00450039 9.4E-07 -21.41990089
v 12.00450039 11.47280108 -18.90249965
v 14.52190018 9.4E-07 -21.41990089
v 14.52190018 11.47280108 -18.90249965
v 14.52190018 8.3E-07 -18.90250015
v 14.52190018 11.47280119 -21.41990039
v -12.00450039 34.91140067 -18.90249863
v -14.52190018 38.77780234 -18.90249846
v -14.52190018 34.91140067 -18.90249863
v -12.00450039 38.77780234 -18.90249846
v -12.00450039 38.77780234 -18.90249846
v -14.52190018 38.77780245 -21.4198992
v -14.52190018 38.77780234 -18.90249846
v -12.00450039 38.77780245 -21.4198992
v -12.00450039 38.77780245 -21.4198992
v -14.52190018 34.91140078 -21.41989937
v -14.52190018 38.77780245 -21.4198992
v -12.00450039 34.91140078 -21.41989937
v -12.00450039 34.91140078 -21.41989937
v -14.52190018 34.91140067 -18.90249863
v -14.52190018 34.91140078 -21.41989937
v -12.00450039 34.91140067 -18.90249863
v -12.00450039 34.91140078 -21.41989937
v -12.00450039 38.77780234 -18.90249846
v -12.00450039 34.91140067 -18.90249863
v -12.00450039 38.77780245 -21.4198992
v -14.52190018 34.91140067 -18.90249863
v -14.52190018 38.77780245 -21.4198992
v -14.52190018 34.91140078 -21.41989937
v -14.52190018 38.77780234 -18.90249846
v -12.00450039 8.3E-07 -18.90250015
v -14.52190018 11.47280108 -18.90249965
v -14.52190018 8.3E-07 -18.90250015
v -12.00450039 11.47280108 -18.90249965
v -12.00450039 11.47280108 -18.90249965
v -14.52190018 11.47280119 -21.41990039
v -14.52190018 11.47280108 -18.90249965
v -12.00450039 11.47280119 -21.41990039
v -12.00450039 11.47280119 -21.41990039
v -14.52190018 9.4E-07 -21.41990089
v -14.52190018 11.47280119 -21.41990039
v -12.00450039 9.4E-07 -21.41990089
v -12.00450039 9.4E-07 -21.41990089
v -14.52190018 8.3E-07 -18.90250015
v -14.52190018 9.4E-07 -21.41990089
v -12.00450039 8.3E-07 -18.90250015
v -12.00450039 9.4E-07 -21.41990089
v -12.00450039 11.47280108 -18.90249965
v -12.00450039 8.3E-07 -18.90250015
v -12.00450039 11.47280119 -21.41990039
v -14.52190018 8.3E-07 -18.90250015
v -14.52190018 11.47280119 -21.41990039
v -14.52190018 9.4E-07 -21.41990089
v -14.52190018 11.47280108 -18.90249965
v 14.52190018 34.91139891 21.41990242
v 12.00450039 38.77780058 21.41990259
v 12.00450039 34.91139891 21.41990242
v 14.52190018 38.77780058 21.41990259
v 14.52190018 38.77780058 21.41990259
v 12.00450039 38.77780069 18.90250185
v 12.00450039 38.77780058 21.41990259
v 14.52190018 38.77780069 18.90250185
v 14.52190018 38.77780069 18.90250185
v 12.00450039 34.91139902 18.90250168
v 12.00450039 38.77780069 18.90250185
v 14.52190018 34.91139902 18.90250168
v 14.52190018 34.91139902 18.90250168
v 12.00450039 34.91139891 21.41990242
v 12.00450039 34.91139902 18.90250168
v 14.52190018 34.91139891 21.41990242
v 14.52190018 34.91139902 18.90250168
v 14.52190018 38.77780058 21.41990259
v 14.52190018 34.91139891 21.41990242
v 14.52190018 38.77780069 18.90250185
v 12.00450039 34.91139891 21.41990242
v 12.00450039 38.77780069 18.90250185
v 12.00450039 34.91139902 18.90250168
v 12.00450039 38.77780058 21.41990259
v 14.52190018 -9.4E-07 21.41990089
v 12.00450039 11.47279932 21.4199014
v 12.00450039 -9.4E-07 21.41990089
v 14.52190018 11.47279932 21.4199014
v 14.52190018 11.47279932 21.4199014
v 12.00450039 11.47279943 18.90250065
v 12.00450039 11.47279932 21.4199014
v 14.52190018 11.47279943 18.90250065
v 14.52190018 11.47279943 18.90250065
v 12.00450039 -8.3E-07 18.90250015
v 12.00450039 11.47279943 18.90250065
v 14.52190018 -8.3E-07 18.90250015
v 14.52190018 -8.3E-07 18.90250015
v 12.00450039 -9.4E-07 21.41990089
v 12.00450039 -8.3E-07 18.90250015
v 14.52190018 -9.4E-07 21.41990089
v 14.52190018 -8.3E-07 18.90250015
v 14.52190018 11.47279932 21.4199014
v 14.52190018 -9.4E-07 21.41990089
v 14.52190018 11.47279943 18.90250065
v 12.00450039 -9.4E-07 21.41990089
v 12.00450039 11.47279943 18.90250065
v 12.00450039 -8.3E-07 18.90250015
v 12.00450039 11.47279932 21.4199014
v -12.00450039 34.91139891 21.41990242
v -14.52190018 38.77780058 21.41990259
v -14.52190018 34.91139891 21.41990242
v -12.00450039 38.77780058 21.41990259
v -12.00450039 38.77780058 21.41990259
v -14.52190018 38.77780069 18.90250185
v -14.52190018 38.77780058 21.41990259
v -12.00450039 38.77780069 18.90250185
v -12.00450039 38.77780069 18.90250185
v -14.52190018 34.91139902 18.90250168
v -14.52190018 38.77780069 18.90250185
v -12.00450039 34.91139902 18.90250168
v -12.00450039 34.91139902 18.90250168
v -14.52190018 34.91139891 21.41990242
v -14.52190018 34.91139902 18.90250168
v -12.00450039 34.91139891 21.41990242
v -12.00450039 34.91139902 18.90250168
v -12.00450039 38.77780058 21.41990259
v -12.00450039 34.91139891 21.41990242
v -12.00450039 38.77780069 18.90250185
v -14.52190018 34.91139891 21.41990242
v -14.52190018 38.77780069 18.90250185
v -14.52190018 34.91139902 18.90250168
v -14.52190018 38.77780058 21.41990259
v -12.00450039 -9.4E-07 21.41990089
v -14.52190018 11.47279932 21.4199014
v -14.52190018 -9.4E-07 21.41990089
v -12.00450039 11.47279932 21.4199014
v -12.00450039 11.47279932 21.4199014
v -14.52190018 11.47279943 18.90250065
v -14.52190018 11.47279932 21.4199014
v -12.00450039 11.47279943 18.90250065
v -12.00450039 11.47279943 18.90250065
v -14.52190018 -8.3E-07 18.90250015
v -14.52190018 11.47279943 18.90250065
v -12.00450039 -8.3E-07 18.90250015
v -12.00450039 -8.3E-07 18.90250015
v -14.52190018 -9.4E-07 21.41990089
v -14.52190018 -8.3E-07 18.90250015
v -12.00450039 -9.4E-07 21.41990089
v -12.00450039 -8.3E-07 18.90250015
v -12.00450039 11.47279932 21.4199014
v -12.00450039 -9.4E-07 21.41990089
v -12.00450039 11.47279943 18.90250065
v -14.52190018 -9.4E-07 21.41990089
v -14.52190018 11.47279943 18.90250065
v -14.52190018 -8.3E-07 18.90250015
v -14.52190018 11.47279932 21.4199014
v -12.00450039 36.25949952 -21.04099878
v 12.00450039 38.77780243 -21.04099867
v 12.00450039 36.25949952 -21.04099878
v -12.00450039 38.77780243 -21.04099867
v -12.00450039 38.77780243 -21.04099867
v 12.00450039 38.77780236 -19.28139899
v 12.00450039 38.77780243 -21.04099867
v -12.00450039 38.77780236 -19.28139899
v -12.00450039 38.77780236 -19.28139899
v 12.00450039 36.25949944 -19.2813991
v 12.00450039 38.77780236 -19.28139899
v -12.00450039 36.25949944 -19.2813991
v -12.00450039 36.25949944 -19.2813991
v 12.00450039 36.25949952 -21.04099878
v 12.00450039 36.25949944 -19.2813991
v -12.00450039 36.25949952 -21.04099878
v 14.14299965 36.25949942 -18.90249857
v 14.14299965 38.77780069 18.90250185
v 14.14299965 36.25949777 18.90250174
v 14.14299965 38.77780234 -18.90249846
v 14.14299965 38.77780234 -18.90249846
v 12.38339996 38.77780069 18.90250185
v 14.14299965 38.77780069 18.90250185
v 12.38339996 38.77780234 -18.90249846
v 12.38339996 38.77780234 -18.90249846
v 12.38339996 36.25949777 18.90250174
v 12.38339996 38.77780069 18.90250185
v 12.38339996 36.25949942 -18.90249857
v 12.38339996 36.25949942 -18.90249857
v 14.14299965 36.25949777 18.90250174
v 12.38339996 36.25949777 18.90250174
v 14.14299965 36.25949942 -18.90249857
v -14.14299965 36.25949777 18.90250174
v -14.14299965 38.77780234 -18.90249846
v -14.14299965 36.25949942 -18.90249857
v -14.14299965 38.77780069 18.90250185
v -14.14299965 38.77780069 18.90250185
v -12.38339996 38.77780234 -18.90249846
v -14.14299965 38.77780234 -18.90249846
v -12.38339996 38.77780069 18.90250185
v -12.38339996 38.77780069 18.90250185
v -12.38339996 36.25949942 -18.90249857
v -12.38339996 38.77780234 -18.90249846
v -12.38339996 36.25949777 18.90250174
v -12.38339996 36.25949777 18.90250174
v -14.14299965 36.25949942 -18.90249857
v -12.38339996 36.25949942 -18.90249857
v -14.14299965 36.25949777 18.90250174
v 12.00450039 36.25949768 21.04100195
v -12.00450039 38.77780059 21.04100206
v -12.00450039 36.25949768 21.04100195
v 12.00450039 38.77780059 21.04100206
v 12.00450039 38.77780059 21.04100206
v -12.00450039 38.77780067 19.28140238
v -12.00450039 38.77780059 21.04100206
v 12.00450039 38.77780067 19.28140238
v 12.00450039 38.77780067 19.28140238
v -12.00450039 36.25949775 19.28140227
v -12.00450039 38.77780067 19.28140238
v 12.00450039 36.25949775 19.28140227
v 12.00450039 36.25949775 19.28140227
v -12.00450039 36.25949768 21.04100195
v -12.00450039 36.25949775 19.28140227
v 12.00450039 36.25949768 21.04100195
vn -0.9611 -0.10552 0.25526
vn -0.25949 -0.10552 0.95996
vn -0.42383 -0.24093 0.87311
vn -0.96583 0.01463 0.25875
vn -0.96805 -0.24093 0.0695
vn -0.707 0.01463 -0.70707
vn -0.70161 -0.10552 -0.70471
vn 0.54422 -0.24093 0.8036
vn -0.25883 0.01463 0.96581
vn 0.70161 -0.10552 0.70471
vn -0.54422 -0.24093 -0.8036
vn -0.82797 -0.00783 -0.56072
vn 0.25884 0.01463 -0.96581
vn 0.07161 -0.00783 -0.9974
vn 0.96805 -0.24093 -0.0695
vn -0.89958 -0.00783 0.43669
vn 0.707 0.01463 0.70706
vn -0.07161 -0.00783 0.9974
vn 0.25949 -0.10552 -0.95996
vn 0.42384 -0.24093 -0.87311
vn 0.89958 -0.00783 -0.43669
vn 0.9611 -0.10552 -0.25526
vn 0.82797 -0.00783 0.56072
vn 0.96583 0.01463 -0.25875
vn -0.707 0.01463 0.70707
vn -0.82797 -0.00783 0.56072
vn 0.07161 -0.00783 0.9974
vn -0.96583 0.01463 -0.25875
vn 0.25884 0.01463 0.96581
vn -0.9611 -0.10552 -0.25526
vn -0.70161 -0.10552 0.70471
vn -0.89958 -0.00783 -0.43669
vn 0.89958 -0.00783 0.43669
vn -0.96805 -0.24093 -0.0695
vn 0.25949 -0.10552 0.95996
vn -0.54422 -0.24093 0.80361
vn -0.25883 0.01463 -0.96581
vn -0.25949 -0.10552 -0.95996
vn 0.96583 0.01463 0.25875
vn -0.42383 -0.24093 -0.87311
vn 0.42384 -0.24093 0.87311
vn -0.07161 -0.00783 -0.9974
vn 0.9611 -0.10552 0.25526
vn 0.54422 -0.24093 -0.8036
vn 0.707 0.01463 -0.70706
vn 0.70161 -0.10552 -0.7047
vn 0.96805 -0.24093 0.0695
vn 0.82797 -0.00783 -0.56072
vn -0 0 -1
vn 0 0 1
vn 0 -1 0
vn 0.25601 -0.96667 0
vn 0.12801 -0.99177 0
vn -0.25601 -0.96667 0
vn -0.12801 -0.99177 0
vn 0.95313 0.30257 0
vn 0.79169 0.61092 0
vn 0.6865 0.72713 0
vn 0.99781 0.06617 0
vn 0.99945 0.03308 0
vn 0.50372 0.86387 0
vn 0.39614 0.91819 0
vn 1 0 0
vn 0.29368 0.9559 0
vn -0.95313 0.30257 0
vn -0.79169 0.61092 0
vn -0.99781 0.06617 0
vn -0.6865 0.72713 0
vn -0.99945 0.03308 0
vn -0.4954 0.86867 0
vn -1 0 0
vn -0.39614 0.91819 0
vn -0.29368 0.9559 0
vn -0.31769 0.94819 0
vn -0.21821 0.9759 0
vn -0.4148 0.90991 0
vn -0.50643 0.86228 0
vn 0.66021 0.75108 0
vn 0.32118 0.94702 0
vn 0.04481 0.999 0
vn -0.04481 0.999 0
vn -0.66021 0.75108 0
vn 0.83182 0.55504 0
vn 0.06772 0.9977 0
vn -0.16872 0.98566 0
vn -0.26061 0.96544 0
vn -0.13031 0.99147 0
vn 0 1 0
vn 0.21821 0.9759 0
vn 0.4148 0.90991 0
vn -0.83182 0.55504 0
vn -0.06772 0.9977 0
vn 0.16872 0.98566 0
vn 0.26061 0.96544 0
vn 0.13031 0.99147 0
vn 0.60936 0.79289 0
vn 0.52355 0.85199 0
vn 0.43306 0.90136 0
vn -0.60936 0.79289 0
vn -0.43306 0.90136 0
vn -0.52355 0.85199 0
vn -0.55729 0.83032 0
vn -0.36727 0.93012 0
vn 0.07836 0.99692 0
vn -0.71509 0.69903 1E-05
vn 0.33789 0.94118 0
vn -0.699 0.71512 0
vn 0.69899 0.71513 0
vn 0.55729 0.83032 0
vn -0.07836 0.99692 0
vn 0.36727 0.93012 0
vn 0.71509 0.69903 1E-05
vn -0.33789 0.94118 0
vt 0.9459 0.70417
vt 0.96314 0.70417
vt 0.96314 0.68155
vt 0.9459 0.86941
vt 0.9459 0.68155
vt 0.92865 0.86941
vt 0.92865 0.70417
vt 0.98039 0.68155
vt 0.96314 0.86941
vt 0.98039 0.70417
vt 0.92865 0.68155
vt 0.92865 0.99603
vt 0.91141 0.86941
vt 0.91141 0.99603
vt 0.99764 0.68155
vt 0.9459 0.99603
vt 0.98039 0.86941
vt 0.96314 0.99603
vt 0.91141 0.70417
vt 0.91141 0.68155
vt 0.89416 0.99603
vt 0.99764 0.70417
vt 0.98039 0.99603
vt 0.89416 0.70417
vt 0.89416 0.68155
vt 0.89416 0.86941
vt 0.99764 0.86941
vt 0.99764 0.99603
vt 0.66498 0.475
vt 0.70448 0.32772
vt 0.72868 0.34899
vt 0.66498 0.3224
vt 0.7267 0.44982
vt 0.62549 0.32772
vt 0.60128 0.34899
vt 0.60326 0.44982
vt 0.74366 0.34899
vt 0.5863 0.34899
vt 0.57533 0.36544
vt 0.55559 0.37138
vt 0.48202 0.44982
vt 0.75464 0.36544
vt 0.53531 0.36295
vt 0.50876 0.36295
vt 0.4954 0.3551
vt 0.48202 0.35211
vt 0.77438 0.37138
vt 0.84795 0.44982
vt 0.79465 0.36295
vt 0.82121 0.36295
vt 0.83457 0.3551
vt 0.84795 0.35211
vt 0.12383 0.75929
vt 0.12024 0.79537
vt 0.39393 0.79537
vt 0.39034 0.75929
vt 0.30045 0.68854
vt 0.21372 0.68854
vt 0.17674 0.6999
vt 0.14406 0.72358
vt 0.12024 0.88101
vt 0.33743 0.6999
vt 0.3701 0.72358
vt 0.22913 0.67394
vt 0.39393 0.88101
vt 0.28504 0.67394
vt 0.25708 0.66051
vt 0.75321 0.7468
vt 0.73403 0.71296
vt 0.70306 0.69052
vt 0.66802 0.67975
vt 0.58582 0.67975
vt 0.50064 0.7468
vt 0.49723 0.781
vt 0.75661 0.781
vt 0.60043 0.66591
vt 0.65341 0.66591
vt 0.55078 0.69052
vt 0.51981 0.71296
vt 0.49723 0.88049
vt 0.62692 0.65318
vt 0.75661 0.88049
vt 0.60997 0.49258
vt 0.65321 0.47811
vt 0.60997 0.47811
vt 0.65321 0.49258
vt 0.56673 0.47811
vt 0.56673 0.49258
vt 0.73815 0.47811
vt 0.73815 0.49258
vt 0.48178 0.47811
vt 0.48178 0.49258
vt 0.64698 0.88628
vt 0.60503 0.89995
vt 0.64698 0.89995
vt 0.60503 0.88628
vt 0.68078 0.89995
vt 0.68078 0.88628
vt 0.56424 0.89995
vt 0.56424 0.88628
vt 0.76099 0.89995
vt 0.5265 0.89995
vt 0.5265 0.88628
vt 0.77911 0.88628
vt 0.2867 0.88628
vt 0.2867 0.89995
vt 0.32865 0.89995
vt 0.2529 0.89995
vt 0.32865 0.88628
vt 0.2529 0.88628
vt 0.36943 0.89995
vt 0.17268 0.89995
vt 0.15457 0.88628
vt 0.36943 0.88628
vt 0.40718 0.89995
vt 0.40718 0.88628
vt 0.83557 0.33977
vt 0.8475 0.33977
vt 0.8475 0.3238
vt 0.83557 0.3238
vt 0.82366 0.33977
vt 0.82366 0.3238
vt 0.55625 0.45837
vt 0.57689 0.47283
vt 0.57689 0.45837
vt 0.55625 0.47283
vt 0.52949 0.45837
vt 0.52949 0.47283
vt 0.50274 0.45837
vt 0.50274 0.47283
vt 0.48209 0.45837
vt 0.48209 0.47283
vt 0.76123 0.33977
vt 0.76123 0.3238
vt 0.74668 0.33977
vt 0.77884 0.3238
vt 0.77884 0.33977
vt 0.74668 0.3238
vt 0.79692 0.3238
vt 0.79692 0.33977
vt 0.8206 0.3238
vt 0.8206 0.33977
vt 0.49494 0.33977
vt 0.48301 0.3238
vt 0.48301 0.33977
vt 0.49494 0.3238
vt 0.50686 0.33977
vt 0.50686 0.3238
vt 0.56928 0.33977
vt 0.58383 0.33977
vt 0.56928 0.3238
vt 0.55168 0.3238
vt 0.55168 0.33977
vt 0.58383 0.3238
vt 0.5336 0.3238
vt 0.5336 0.33977
vt 0.50991 0.3238
vt 0.50991 0.33977
vt 0.50326 0.89995
vt 0.50326 0.88628
vt 0.46883 0.89995
vt 0.46883 0.88628
vt 0.43042 0.89995
vt 0.46485 0.89995
vt 0.43042 0.88628
vt 0.46485 0.88628
vt 0.80741 0.99567
vt 0.79664 0.97069
vt 0.78379 0.9729
vt 0.80741 0.97796
vt 0.76153 0.99567
vt 0.8121 0.99567
vt 0.83573 0.9729
vt 0.82288 0.97069
vt 0.85798 0.99567
vt 0.8121 0.97796
vt 0.82656 0.96435
vt 0.82656 0.95227
vt 0.81581 0.96435
vt 0.85334 0.95227
vt 0.85334 0.96435
vt 0.81581 0.95227
vt 0.80643 0.96435
vt 0.80643 0.95227
vt 0.79241 0.96435
vt 0.79241 0.95227
vt 0.10334 0.97534
vt 0.06418 0.95652
vt 0.02502 0.97534
vt 0.00342 0.99645
vt 0.12494 0.99645
vt 0.1056 0.95085
vt 0.1056 0.93673
vt 0.06644 0.95085
vt 0.12719 0.93673
vt 0.12719 0.95085
vt 0.06644 0.93673
vt 0.02394 0.95085
vt 0.0631 0.95085
vt 0.0631 0.93673
vt 0.02394 0.93673
vt 0.00234 0.95085
vt 0.00234 0.93673
vt 0.81978 0.94722
vt 0.83053 0.94722
vt 0.81978 0.93514
vt 0.793 0.93514
vt 0.793 0.94722
vt 0.83053 0.93514
vt 0.83991 0.94722
vt 0.83991 0.93514
vt 0.85393 0.94722
vt 0.85393 0.93514
vt 0.68793 0.31794
vt 0.48544 0.05544
vt 0.48544 0.31794
vt 0.68793 0.05544
vt 0.69368 0.05544
vt 0.89617 0.31794
vt 0.89617 0.05544
vt 0.69368 0.31794
vt 0.00176 0.45939
vt 0.01704 0.72637
vt 0.01704 0.45069
vt 0.00176 0.72637
vt 0.00176 0.45069
vt 0.74363 0.3238
vt 0.73057 0.33977
vt 0.74363 0.33977
vt 0.73057 0.3238
vt 0.59994 0.33977
vt 0.58689 0.3238
vt 0.58689 0.33977
vt 0.59994 0.3238
vt 0.94756 0.11963
vt 0.90402 0.05276
vt 0.90402 0.11963
vt 0.94756 0.05276
vt 0.44292 0.82871
vt 0.40414 0.78993
vt 0.40414 0.82871
vt 0.44292 0.78993
vt 0.44292 0.87314
vt 0.40414 0.83435
vt 0.40414 0.87314
vt 0.44292 0.83435
vt 0.99645 0.11961
vt 0.9529 0.05274
vt 0.9529 0.11961
vt 0.99645 0.05274
vt 0.94748 0.32077
vt 0.90393 0.12233
vt 0.90393 0.32077
vt 0.94748 0.12233
vt 0.48837 0.82909
vt 0.44959 0.7903
vt 0.44959 0.82909
vt 0.48837 0.7903
vt 0.48837 0.87326
vt 0.44959 0.83447
vt 0.44959 0.87326
vt 0.48837 0.83447
vt 0.99654 0.32095
vt 0.953 0.12252
vt 0.953 0.32095
vt 0.99654 0.12252
vt 0.52219 0.95025
vt 0.13279 0.90941
vt 0.13279 0.95025
vt 0.52219 0.90941
vt 0.62521 0.9274
vt 0.52794 0.91074
vt 0.52794 0.9274
vt 0.62521 0.91074
vt 0.62521 0.94946
vt 0.52794 0.93281
vt 0.52794 0.94946
vt 0.62521 0.93281
vt 0.74613 0.99548
vt 0.13297 0.95464
vt 0.13297 0.99548
vt 0.74613 0.95464
vt 0.78376 0.9274
vt 0.6306 0.91074
vt 0.6306 0.9274
vt 0.78376 0.91074
vt 0.78376 0.94946
vt 0.6306 0.93281
vt 0.6306 0.94946
vt 0.78376 0.93281
usemtl mat0
f 1/1/1 2/2/2 3/3/3
f 1/1/1 4/4/4 2/2/2
f 1/1/1 3/3/3 5/5/5
f 1/1/1 6/6/6 4/4/4
f 1/1/1 5/5/5 7/7/7
f 1/1/1 7/7/7 6/6/6
f 2/2/2 8/8/8 3/3/3
f 2/2/2 4/4/4 9/9/9
f 2/2/2 10/10/10 8/8/8
f 2/2/2 9/9/9 10/10/10
f 5/5/5 11/11/11 7/7/7
f 6/6/6 12/12/12 4/4/4
f 6/6/6 7/7/7 13/13/13
f 6/6/6 14/14/14 12/12/12
f 6/6/6 13/13/13 14/14/14
f 8/8/8 10/10/10 15/15/15
f 9/9/9 4/4/4 16/16/16
f 9/9/9 17/17/17 10/10/10
f 9/9/9 16/16/16 18/18/18
f 9/9/9 18/18/18 17/17/17
f 16/16/16 4/4/4 12/12/12
f 11/11/11 19/19/19 7/7/7
f 11/11/11 20/20/20 19/19/19
f 7/7/7 19/19/19 13/13/13
f 14/14/14 13/13/13 21/21/21
f 15/15/15 10/10/10 22/22/22
f 10/10/10 17/17/17 22/22/22
f 18/18/18 23/23/23 17/17/17
f 20/20/20 24/24/22 19/19/19
f 20/20/20 25/25/15 24/24/22
f 13/13/13 26/26/24 21/21/21
f 13/13/13 19/19/19 26/26/24
f 26/26/24 19/19/19 24/24/22
f 22/22/22 17/17/17 27/27/24
f 17/17/17 23/23/23 27/27/24
f 23/23/23 28/28/21 27/27/24
f 29/9/25 30/18/26 31/23/27
f 29/9/25 32/4/28 30/18/26
f 29/9/25 31/23/27 33/17/29
f 29/9/25 34/1/30 32/4/28
f 29/9/25 33/17/29 35/2/31
f 29/9/25 35/2/31 34/1/30
f 30/18/26 32/4/28 36/16/32
f 31/23/27 37/28/33 33/17/29
f 35/2/31 38/5/34 34/1/30
f 35/2/31 33/17/29 39/10/35
f 35/2/31 40/3/36 38/5/34
f 35/2/31 39/10/35 40/3/36
f 32/4/28 41/6/37 36/16/32
f 32/4/28 34/1/30 42/7/38
f 32/4/28 42/7/38 41/6/37
f 37/28/33 43/27/39 33/17/29
f 33/17/29 43/27/39 39/10/35
f 38/5/34 44/11/40 34/1/30
f 34/1/30 44/11/40 42/7/38
f 40/3/36 39/10/35 45/8/41
f 36/16/32 41/6/37 46/12/42
f 43/27/39 47/22/43 39/10/35
f 39/10/35 47/22/43 45/8/41
f 44/11/40 48/20/44 42/7/38
f 41/6/37 49/13/45 46/12/42
f 41/6/37 42/7/38 50/19/46
f 41/6/37 50/19/46 49/13/45
f 42/7/38 48/20/44 50/19/46
f 47/22/43 51/15/47 45/8/41
f 46/12/42 49/13/45 52/14/48
f 48/20/44 53/25/47 50/19/46
f 49/13/45 54/26/39 52/14/48
f 49/13/45 50/19/46 55/24/43
f 49/13/45 55/24/43 54/26/39
f 55/24/43 50/19/46 53/25/47
f 52/14/48 54/26/39 56/21/33
f 57/6/6 58/14/14 59/12/12
f 57/6/6 60/13/13 58/14/14
f 57/6/6 59/12/12 61/4/4
f 57/6/6 62/7/7 60/13/13
f 57/6/6 61/4/4 63/1/1
f 57/6/6 63/1/1 62/7/7
f 58/14/14 60/13/13 64/21/21
f 59/12/12 65/16/16 61/4/4
f 63/1/1 66/5/5 62/7/7
f 63/1/1 61/4/4 67/2/2
f 63/1/1 68/3/3 66/5/5
f 63/1/1 67/2/2 68/3/3
f 60/13/13 69/26/24 64/21/21
f 60/13/13 62/7/7 70/19/19
f 60/13/13 70/19/19 69/26/24
f 65/16/16 71/9/9 61/4/4
f 65/16/16 72/18/18 71/9/9
f 61/4/4 71/9/9 67/2/2
f 66/5/5 73/11/11 62/7/7
f 62/7/7 73/11/11 70/19/19
f 68/3/3 67/2/2 74/8/8
f 69/26/24 70/19/19 75/24/22
f 72/18/18 76/17/17 71/9/9
f 72/18/18 77/23/23 76/17/17
f 73/11/11 78/20/20 70/19/19
f 70/19/19 78/20/20 75/24/22
f 67/2/2 79/10/10 74/8/8
f 67/2/2 71/9/9 79/10/10
f 71/9/9 76/17/17 79/10/10
f 77/23/23 80/27/24 76/17/17
f 77/23/23 81/28/21 80/27/24
f 78/20/20 82/25/15 75/24/22
f 74/8/8 79/10/10 83/15/15
f 76/17/17 80/27/24 84/22/22
f 76/17/17 84/22/22 79/10/10
f 79/10/10 84/22/22 83/15/15
f 85/9/45 86/18/48 87/23/42
f 85/9/45 88/4/39 86/18/48
f 85/9/45 87/23/42 89/17/37
f 85/9/45 90/1/43 88/4/39
f 85/9/45 89/17/37 91/2/46
f 85/9/45 91/2/46 90/1/43
f 86/18/48 88/4/39 92/16/33
f 87/23/42 93/28/32 89/17/37
f 91/2/46 94/5/47 90/1/43
f 91/2/46 89/17/37 95/10/38
f 91/2/46 96/3/44 94/5/47
f 91/2/46 95/10/38 96/3/44
f 88/4/39 97/6/29 92/16/33
f 88/4/39 90/1/43 98/7/35
f 88/4/39 98/7/35 97/6/29
f 93/28/32 99/27/28 89/17/37
f 89/17/37 99/27/28 95/10/38
f 94/5/47 100/11/41 90/1/43
f 90/1/43 100/11/41 98/7/35
f 96/3/44 95/10/38 101/8/40
f 92/16/33 97/6/29 102/12/27
f 99/27/28 103/22/30 95/10/38
f 95/10/38 103/22/30 101/8/40
f 100/11/41 104/20/36 98/7/35
f 97/6/29 105/13/25 102/12/27
f 97/6/29 98/7/35 106/19/31
f 97/6/29 106/19/31 105/13/25
f 98/7/35 104/20/36 106/19/31
f 103/22/30 107/15/34 101/8/40
f 102/12/27 105/13/25 108/14/26
f 104/20/36 109/25/34 106/19/31
f 105/13/25 110/26/28 108/14/26
f 105/13/25 106/19/31 111/24/30
f 105/13/25 111/24/30 110/26/28
f 111/24/30 106/19/31 109/25/34
f 108/14/26 110/26/28 112/21/32
f 113/29/49 114/30/49 115/31/49
f 113/29/49 116/32/49 114/30/49
f 113/29/49 115/31/49 117/33/49
f 113/29/49 118/34/49 116/32/49
f 113/29/49 119/35/49 118/34/49
f 113/29/49 120/36/49 119/35/49
f 115/31/49 121/37/49 117/33/49
f 120/36/49 122/38/49 119/35/49
f 120/36/49 123/39/49 122/38/49
f 120/36/49 124/40/49 123/39/49
f 120/36/49 125/41/49 124/40/49
f 121/37/49 126/42/49 117/33/49
f 125/41/49 127/43/49 124/40/49
f 125/41/49 128/44/49 127/43/49
f 125/41/49 129/45/49 128/44/49
f 125/41/49 130/46/49 129/45/49
f 126/42/49 131/47/49 117/33/49
f 131/47/49 132/48/49 117/33/49
f 131/47/49 133/49/49 132/48/49
f 133/49/49 134/50/49 132/48/49
f 134/50/49 135/51/49 132/48/49
f 135/51/49 136/52/49 132/48/49
f 137/29/50 138/31/50 139/30/50
f 137/29/50 140/33/50 138/31/50
f 137/29/50 139/30/50 141/32/50
f 137/29/50 141/32/50 142/34/50
f 137/29/50 142/34/50 143/35/50
f 137/29/50 143/35/50 144/36/50
f 140/33/50 145/37/50 138/31/50
f 140/33/50 146/42/50 145/37/50
f 140/33/50 147/47/50 146/42/50
f 140/33/50 148/48/50 147/47/50
f 143/35/50 149/38/50 144/36/50
f 148/48/50 150/49/50 147/47/50
f 148/48/50 151/50/50 150/49/50
f 148/48/50 152/51/50 151/50/50
f 148/48/50 153/52/50 152/51/50
f 149/38/50 154/39/50 144/36/50
f 154/39/50 155/40/50 144/36/50
f 155/40/50 156/41/50 144/36/50
f 155/40/50 157/43/50 156/41/50
f 157/43/50 158/44/50 156/41/50
f 158/44/50 159/45/50 156/41/50
f 159/45/50 160/46/50 156/41/50
f 161/53/50 162/54/50 163/55/50
f 161/53/50 163/55/50 164/56/50
f 161/53/50 164/56/50 165/57/50
f 161/53/50 165/57/50 166/58/50
f 161/53/50 166/58/50 167/59/50
f 161/53/50 167/59/50 168/60/50
f 162/54/50 169/61/50 163/55/50
f 164/56/50 170/62/50 165/57/50
f 164/56/50 171/63/50 170/62/50
f 166/58/50 165/57/50 172/64/50
f 169/61/50 173/65/50 163/55/50
f 165/57/50 174/66/50 172/64/50
f 174/66/50 175/67/50 172/64/50
f 176/68/49 177/69/49 178/70/49
f 176/68/49 178/70/49 179/71/49
f 176/68/49 179/71/49 180/72/49
f 176/68/49 180/72/49 181/73/49
f 176/68/49 181/73/49 182/74/49
f 176/68/49 182/74/49 183/75/49
f 179/71/49 184/76/49 180/72/49
f 179/71/49 185/77/49 184/76/49
f 181/73/49 180/72/49 186/78/49
f 181/73/49 186/78/49 187/79/49
f 182/74/49 188/80/49 183/75/49
f 185/77/49 189/81/49 184/76/49
f 188/80/49 190/82/49 183/75/49
f 191/83/51 192/84/52 193/85/51
f 191/83/51 194/86/53 192/84/52
f 191/83/51 193/85/51 195/87/54
f 191/83/51 195/87/54 196/88/55
f 194/86/53 197/89/51 192/84/52
f 194/86/53 198/90/51 197/89/51
f 195/87/54 199/91/51 196/88/55
f 199/91/51 200/92/51 196/88/55
f 201/93/56 202/94/57 203/95/56
f 201/93/56 204/96/58 202/94/57
f 201/93/56 203/95/56 205/97/59
f 201/93/56 205/97/59 206/98/60
f 204/96/58 207/99/61 202/94/57
f 204/96/58 208/100/62 207/99/61
f 205/97/59 209/101/63 206/98/60
f 208/100/62 210/102/64 207/99/61
f 208/100/62 211/103/64 210/102/64
f 209/101/63 212/104/63 206/98/60
f 213/105/65 214/106/65 215/107/66
f 213/105/65 216/108/67 214/106/65
f 213/105/65 215/107/66 217/109/68
f 213/105/65 218/110/69 216/108/67
f 215/107/66 219/111/70 217/109/68
f 218/110/69 220/112/71 216/108/67
f 218/110/69 221/113/71 220/112/71
f 219/111/70 222/114/72 217/109/68
f 219/111/70 223/115/73 222/114/72
f 223/115/73 224/116/73 222/114/72
f 225/117/74 226/118/75 227/119/75
f 225/117/74 227/119/75 228/120/76
f 225/117/74 228/120/76 229/121/77
f 228/120/76 230/122/77 229/121/77
f 231/123/61 232/124/78 233/125/78
f 231/123/61 234/126/79 232/124/78
f 231/123/61 235/127/80 234/126/79
f 235/127/80 236/128/81 234/126/79
f 235/127/80 237/129/74 236/128/81
f 237/129/74 238/130/77 236/128/81
f 237/129/74 239/131/82 238/130/77
f 239/131/82 240/132/82 238/130/77
f 241/133/61 242/134/58 243/135/83
f 241/133/61 244/136/84 242/134/58
f 241/133/61 245/137/85 244/136/84
f 243/135/83 242/134/58 246/138/83
f 245/137/85 247/139/86 244/136/84
f 245/137/85 248/140/87 247/139/86
f 248/140/87 249/141/88 247/139/86
f 248/140/87 250/142/88 249/141/88
f 251/143/79 252/144/89 253/145/89
f 251/143/79 254/146/90 252/144/89
f 251/143/79 255/147/61 254/146/90
f 255/147/61 256/148/61 254/146/90
f 257/149/70 258/150/91 259/151/68
f 257/149/70 259/151/68 260/152/92
f 257/149/70 260/152/92 261/153/93
f 258/150/91 262/154/91 259/151/68
f 260/152/92 263/155/94 261/153/93
f 263/155/94 264/156/95 261/153/93
f 263/155/94 265/157/88 264/156/95
f 265/157/88 266/158/88 264/156/95
f 267/159/96 268/160/97 269/161/98
f 267/159/96 211/103/58 268/160/97
f 267/159/96 210/102/58 211/103/58
f 269/161/98 268/160/97 270/162/98
f 271/163/99 272/164/100 273/165/101
f 271/163/99 273/165/101 224/116/68
f 271/163/99 224/116/68 223/115/68
f 272/164/100 274/166/100 273/165/101
f 275/167/50 276/168/50 277/169/50
f 275/167/50 278/170/50 276/168/50
f 275/167/50 277/169/50 279/171/50
f 280/172/49 281/173/49 282/174/49
f 280/172/49 283/175/49 281/173/49
f 280/172/49 282/174/49 284/176/49
f 285/177/102 286/178/103 287/179/104
f 285/177/102 288/180/105 286/178/103
f 285/177/102 289/181/105 288/180/105
f 287/179/104 286/178/103 290/182/106
f 287/179/104 290/182/106 291/183/57
f 290/182/106 292/184/56 291/183/57
f 292/184/56 293/185/63 291/183/57
f 292/184/56 294/186/63 293/185/63
f 295/187/50 296/188/50 297/189/50
f 295/187/50 297/189/50 298/190/50
f 295/187/50 298/190/50 299/191/50
f 300/189/49 301/187/49 302/188/49
f 300/189/49 303/191/49 301/187/49
f 300/189/49 304/190/49 303/191/49
f 305/192/99 306/193/101 307/194/100
f 305/192/99 308/195/107 306/193/101
f 305/192/99 309/196/107 308/195/107
f 307/194/100 306/193/101 310/197/100
f 311/198/97 312/199/98 313/200/98
f 311/198/97 313/200/98 314/201/96
f 311/198/97 314/201/96 315/202/108
f 314/201/96 316/203/108 315/202/108
f 317/172/50 318/173/50 319/174/50
f 317/172/50 320/175/50 318/173/50
f 317/172/50 319/174/50 321/176/50
f 322/167/49 323/168/49 324/169/49
f 322/167/49 325/170/49 323/168/49
f 322/167/49 324/169/49 326/171/49
f 327/204/109 328/205/110 329/206/111
f 327/204/109 329/206/111 330/207/112
f 327/204/109 330/207/112 331/208/112
f 328/205/110 332/209/113 329/206/111
f 328/205/110 333/210/66 332/209/113
f 333/210/66 334/211/65 332/209/113
f 333/210/66 335/212/71 334/211/65
f 335/212/71 336/213/71 334/211/65
f 337/167/49 338/168/49 339/169/49
f 337/167/49 340/170/49 338/168/49
f 337/167/49 339/169/49 341/171/49
f 342/172/50 343/173/50 344/174/50
f 342/172/50 345/175/50 343/173/50
f 342/172/50 344/174/50 346/176/50
f 347/177/109 348/178/111 349/179/110
f 347/177/109 350/180/112 348/178/111
f 347/177/109 351/181/112 350/180/112
f 349/179/110 348/178/111 352/182/113
f 349/179/110 352/182/113 353/183/66
f 352/182/113 354/184/65 353/183/66
f 354/184/65 355/185/71 353/183/66
f 354/184/65 356/186/71 355/185/71
f 357/187/49 358/188/49 359/189/49
f 357/187/49 359/189/49 360/190/49
f 357/187/49 360/190/49 361/191/49
f 362/189/50 363/187/50 364/188/50
f 362/189/50 365/191/50 363/187/50
f 362/189/50 366/190/50 365/191/50
f 367/192/96 368/193/97 369/194/98
f 367/192/96 370/195/108 368/193/97
f 367/192/96 371/196/108 370/195/108
f 369/194/98 368/193/97 372/197/98
f 373/198/101 374/199/100 375/200/100
f 373/198/101 375/200/100 376/201/99
f 373/198/101 376/201/99 377/202/107
f 376/201/99 378/203/107 377/202/107
f 379/172/49 380/173/49 381/174/49
f 379/172/49 382/175/49 380/173/49
f 379/172/49 381/174/49 383/176/49
f 384/167/50 385/168/50 386/169/50
f 384/167/50 387/170/50 385/168/50
f 384/167/50 386/169/50 388/171/50
f 389/204/102 390/205/104 391/206/103
f 389/204/102 391/206/103 392/207/105
f 389/204/102 392/207/105 393/208/105
f 390/205/104 394/209/106 391/206/103
f 390/205/104 395/210/57 394/209/106
f 395/210/57 396/211/56 394/209/106
f 395/210/57 397/212/63 396/211/56
f 397/212/63 398/213/63 396/211/56
f 399/214/88 400/215/88 401/216/88
f 399/214/88 402/217/88 400/215/88
f 403/218/51 404/219/51 405/220/51
f 403/218/51 406/221/51 404/219/51
f 407/214/88 408/215/88 409/216/88
f 407/214/88 410/217/88 408/215/88
f 411/215/51 412/214/51 413/217/51
f 411/215/51 414/216/51 412/214/51
f 415/222/63 416/223/63 417/224/63
f 415/222/63 418/225/63 416/223/63
f 419/223/71 420/222/71 421/224/71
f 419/223/71 422/225/71 420/222/71
f 422/225/50 423/224/50 424/226/50
f 422/225/50 419/223/50 423/224/50
f 425/227/88 426/228/88 427/229/88
f 425/227/88 428/230/88 426/228/88
f 429/231/88 430/232/88 431/233/88
f 429/231/88 432/234/88 430/232/88
f 433/235/49 434/236/49 435/237/49
f 433/235/49 436/238/49 434/236/49
f 437/239/88 438/240/88 439/241/88
f 437/239/88 440/242/88 438/240/88
f 441/238/50 442/237/50 443/236/50
f 441/238/50 444/235/50 442/237/50
f 445/243/51 446/244/51 447/245/51
f 445/243/51 448/246/51 446/244/51
f 449/247/71 450/248/71 451/249/71
f 449/247/71 452/250/71 450/248/71
f 453/249/63 454/250/63 455/247/63
f 453/249/63 456/248/63 454/250/63
f 457/251/49 458/252/49 459/253/49
f 457/251/49 460/254/49 458/252/49
f 461/255/88 462/256/88 463/257/88
f 461/255/88 464/258/88 462/256/88
f 465/252/50 466/251/50 467/254/50
f 465/252/50 468/253/50 466/251/50
f 469/259/51 470/260/51 471/261/51
f 469/259/51 472/262/51 470/260/51
f 473/263/71 474/264/71 475/265/71
f 473/263/71 476/266/71 474/264/71
f 477/263/63 478/264/63 479/265/63
f 477/263/63 480/266/63 478/264/63
f 481/235/50 482/236/50 483/237/50
f 481/235/50 484/238/50 482/236/50
f 485/239/88 486/240/88 487/241/88
f 485/239/88 488/242/88 486/240/88
f 489/238/49 490/237/49 491/236/49
f 489/238/49 492/235/49 490/237/49
f 493/243/51 494/244/51 495/245/51
f 493/243/51 496/246/51 494/244/51
f 497/247/63 498/248/63 499/249/63
f 497/247/63 500/250/63 498/248/63
f 501/249/71 502/250/71 503/247/71
f 501/249/71 504/248/71 502/250/71
f 505/251/50 506/252/50 507/253/50
f 505/251/50 508/254/50 506/252/50
f 509/255/88 510/256/88 511/257/88
f 509/255/88 512/258/88 510/256/88
f 513/252/49 514/251/49 515/254/49
f 513/252/49 516/253/49 514/251/49
f 517/259/51 518/260/51 519/261/51
f 517/259/51 520/262/51 518/260/51
f 521/263/63 522/264/63 523/265/63
f 521/263/63 524/266/63 522/264/63
f 525/263/71 526/264/71 527/265/71
f 525/263/71 528/266/71 526/264/71
f 529/235/50 530/236/50 531/237/50
f 529/235/50 532/238/50 530/236/50
f 533/239/88 534/240/88 535/241/88
f 533/239/88 536/242/88 534/240/88
f 537/238/49 538/237/49 539/236/49
f 537/238/49 540/235/49 538/237/49
f 541/243/51 542/244/51 543/245/51
f 541/243/51 544/246/51 542/244/51
f 545/247/63 546/248/63 547/249/63
f 545/247/63 548/250/63 546/248/63
f 549/249/71 550/250/71 551/247/71
f 549/249/71 552/248/71 550/250/71
f 553/251/50 554/252/50 555/253/50
f 553/251/50 556/254/50 554/252/50
f 557/255/88 558/256/88 559/257/88
f 557/255/88 560/258/88 558/256/88
f 561/252/49 562/251/49 563/254/49
f 561/252/49 564/253/49 562/251/49
f 565/259/51 566/260/51 567/261/51
f 565/259/51 568/262/51 566/260/51
f 569/263/63 570/264/63 571/265/63
f 569/263/63 572/266/63 570/264/63
f 573/263/71 574/264/71 575/265/71
f 573/263/71 576/266/71 574/264/71
f 577/235/50 578/236/50 579/237/50
f 577/235/50 580/238/50 578/236/50
f 581/239/88 582/240/88 583/241/88
f 581/239/88 584/242/88 582/240/88
f 585/238/49 586/237/49 587/236/49
f 585/238/49 588/235/49 586/237/49
f 589/243/51 590/244/51 591/245/51
f 589/243/51 592/246/51 590/244/51
f 593/247/63 594/248/63 595/249/63
f 593/247/63 596/250/63 594/248/63
f 597/249/71 598/250/71 599/247/71
f 597/249/71 600/248/71 598/250/71
f 601/251/50 602/252/50 603/253/50
f 601/251/50 604/254/50 602/252/50
f 605/255/88 606/256/88 607/257/88
f 605/255/88 608/258/88 606/256/88
f 609/252/49 610/251/49 611/254/49
f 609/252/49 612/253/49 610/251/49
f 613/259/51 614/260/51 615/261/51
f 613/259/51 616/262/51 614/260/51
f 617/263/63 618/264/63 619/265/63
f 617/263/63 620/266/63 618/264/63
f 621/263/71 622/264/71 623/265/71
f 621/263/71 624/266/71 622/264/71
f 625/267/49 626/268/49 627/269/49
f 625/267/49 628/270/49 626/268/49
f 629/271/88 630/272/88 631/273/88
f 629/271/88 632/274/88 630/272/88
f 633/268/50 634/267/50 635/270/50
f 633/268/50 636/269/50 634/267/50
f 637/275/51 638/276/51 639/277/51
f 637/275/51 640/278/51 638/276/51
f 641/279/63 642/280/63 643/281/63
f 641/279/63 644/282/63 642/280/63
f 645/283/88 646/284/88 647/285/88
f 645/283/88 648/286/88 646/284/88
f 649/280/71 650/279/71 651/282/71
f 649/280/71 652/281/71 650/279/71
f 653/287/51 654/288/51 655/289/51
f 653/287/51 656/290/51 654/288/51
f 657/279/71 658/280/71 659/281/71
f 657/279/71 660/282/71 658/280/71
f 661/283/88 662/284/88 663/285/88
f 661/283/88 664/286/88 662/284/88
f 665/280/63 666/279/63 667/282/63
f 665/280/63 668/281/63 666/279/63
f 669/287/51 670/288/51 671/289/51
f 669/287/51 672/290/51 670/288/51
f 673/267/50 674/268/50 675/269/50
f 673/267/50 676/270/50 674/268/50
f 677/271/88 678/272/88 679/273/88
f 677/271/88 680/274/88 678/272/88
f 681/268/49 682/267/49 683/270/49
f 681/268/49 684/269/49 682/267/49
f 685/275/51 686/276/51 687/277/51
f 685/275/51 688/278/51 686/276/51
# Vertices: 688, normals: 113, texture coordinates: 290, faces: 512

o obj2
v 9.06552982 13.96010092 -17.08859955
v 2.60173011 11.28040099 -16.34979962
v 8.98188972 11.08990073 -16.37829923
v 2.68727994 14.16150071 -16.70509849
v 11.97809982 9.06343059 -17.40940054
v 6.47806978 15.66670116 -18.19309929
v 12.23110008 16.06889995 -18.23649908
v -0.230331 9.4620512 -17.35600049
v 0.016615 16.26300128 -18.17669988
v -9.48371983 13.62570085 -19.5978998
v -11.42689991 9.02504041 -16.94079932
v -12.19349957 15.23130112 -17.55139857
v -9.14474964 10.7857007 -19.55219985
v -5.76395988 15.58310112 -18.35359887
v -2.84855008 11.52520078 -20.29689929
v -3.14249992 14.32940094 -19.99729857
v -0.162209 16.81500136 -18.95649836
v 0.76557899 9.05269036 -18.52840003
v -2.80131006 14.0897005 -17.35040031
v -8.7049799 10.42320036 -16.19359925
v -2.40877008 11.16270044 -16.93819951
v -9.09751987 13.35020043 -16.60580005
v 0.76557899 9.05269036 -18.52840003
v -5.76395988 15.58310112 -18.35359887
v -0.162209 16.81500136 -18.95649836
v -11.42689991 9.02504041 -16.94079932
v -12.19349957 15.23130112 -17.55139857
v 2.67117 14.0404004 -19.50439964
v -0.230331 9.4620512 -17.35600049
v 0.016615 16.26300128 -18.17669988
v 2.58714008 11.20860089 -19.38750027
v 6.47806978 15.66670116 -18.19309929
v 8.96730042 11.01810063 -19.41599988
v 9.05132961 13.8499011 -19.53289925
v 12.23110008 16.06889995 -18.23649908
v 11.97809982 9.06343059 -17.40940054
vn 0.14332 0.30932 0.9401
vn -0.08954 0.0032 0.99598
vn 0.11687 -0.13488 0.98395
vn -0.1308 0.3409 0.93095
vn 0.83043 -0.53567 0.1531
vn 0.03344 0.9994 -0.00886
vn 0.52671 0.84664 0.07601
vn -0.64224 -0.74451 0.18233
vn -0.54781 0.8366 -0.00231
vn -0.33974 0.22552 -0.91308
vn -0.51021 -0.82882 0.22964
vn -0.62574 0.74639 0.22662
vn -0.31164 -0.3799 -0.87096
vn -0.10511 0.99148 0.07699
vn 0.06165 -0.30047 -0.9518
vn 0.09731 0.32924 -0.93922
vn 0.41107 0.91149 0.01449
vn 0.92995 -0.36655 0.02895
vn 0.20502 0.29846 0.93214
vn 0.01491 -0.0824 0.99649
vn 0.2542 -0.23296 0.93868
vn -0.07637 0.30209 0.95021
vn -0.18734 0.1781 -0.96601
vn -0.22704 -0.29766 -0.92728
vn 0.10353 -0.35647 -0.92855
vn 0.20636 0.2073 -0.95627
vt 0.96047 0.35032
vt 0.8877 0.38045
vt 0.96047 0.38045
vt 0.8877 0.35032
vt 0.99549 0.40888
vt 0.93046 0.33137
vt 0.99587 0.32483
vt 0.85624 0.40849
vt 0.85663 0.32677
vt 0.96516 0.43827
vt 0.99662 0.49604
vt 0.99623 0.41432
vt 0.96516 0.47059
vt 0.92241 0.41892
vt 0.8924 0.47059
vt 0.8924 0.43827
vt 0.85699 0.41238
vt 0.85738 0.49643
usemtl mat0
f 689/291/114 690/292/115 691/293/116
f 689/291/114 692/294/117 690/292/115
f 689/291/114 691/293/116 693/295/118
f 689/291/114 694/296/119 692/294/117
f 689/291/114 693/295/118 695/297/120
f 689/291/114 695/297/120 694/296/119
f 690/292/115 696/298/121 691/293/116
f 690/292/115 692/294/117 696/298/121
f 691/293/116 696/298/121 693/295/118
f 694/296/119 697/299/122 692/294/117
f 692/294/117 697/299/122 696/298/121
f 698/300/123 699/301/124 700/302/125
f 698/300/123 701/303/126 699/301/124
f 698/300/123 700/302/125 702/304/127
f 698/300/123 703/305/128 701/303/126
f 698/300/123 702/304/127 704/306/129
f 698/300/123 704/306/129 703/305/128
f 701/303/126 703/305/128 699/301/124
f 702/304/127 705/307/130 704/306/129
f 703/305/128 706/308/131 699/301/124
f 703/305/128 704/306/129 706/308/131
f 706/308/131 704/306/129 705/307/130
f 707/291/132 708/292/133 709/293/134
f 707/291/132 710/294/135 708/292/133
f 707/291/132 709/293/134 711/295/131
f 707/291/132 712/296/127 710/294/135
f 707/291/132 711/295/131 713/297/130
f 707/291/132 713/297/130 712/296/127
f 708/292/133 714/298/124 709/293/134
f 708/292/133 710/294/135 714/298/124
f 709/293/134 714/298/124 711/295/131
f 712/296/127 715/299/125 710/294/135
f 710/294/135 715/299/125 714/298/124
f 716/300/136 717/301/121 718/302/122
f 716/300/136 719/303/137 717/301/121
f 716/300/136 718/302/122 720/304/119
f 716/300/136 721/305/138 719/303/137
f 716/300/136 720/304/119 722/306/139
f 716/300/136 722/306/139 721/305/138
f 719/303/137 721/305/138 717/301/121
f 720/304/119 723/307/120 722/306/139
f 721/305/138 724/308/118 717/301/121
f 721/305/138 722/306/139 724/308/118
f 724/308/118 722/306/139 723/307/120
# Vertices: 36, normals: 26, texture coordinates: 18, faces: 44

o obj3
v 15.00840092 9.37755008 0.92336648
v 14.58790016 9.37436896 15.24160045
v 16.39450073 4.46337926 13.61320038
v 13.19699955 10.6502994 14.23490094
v 16.25 4.09492007 1.91268021
v 13.40719986 10.68739982 0.92336648
v 14.28450012 9.02927995 -5.62496956
v 13.04529953 10.27760053 -5.60088971
v 14.63300037 4.0519692 18.4421007
v 11.15019989 10.55949902 16.48049973
v 13.98419952 8.69020955 18.12210121
v 15.81439972 4.2490704 -5.29066973
v 11.15019989 10.71580053 -5.57680941
v 11.15019989 11.1159996 13.22810031
v 11.15019989 11.18710037 0.9233665
v -1.11E-06 9.70402921 18.90250058
v -1.16E-06 7.53413925 19.70560107
v 15.09290028 7.53413925 19.70560107
v -1.17E-06 11.72439953 0.92336652
v -1.11E-06 11.37549997 -5.57680939
v -1.09E-06 11.12459969 16.48049975
v 0 11.65329971 13.22810033
v -11.15019989 10.71580053 -5.57680941
v -11.15019989 11.18710037 0.9233665
v -11.15019989 11.1159996 13.22810031
v -11.15019989 10.55949902 16.48049973
v -13.40719986 10.68739982 0.92336648
v -13.19699955 10.6502994 14.23490094
v -15.00840092 9.37755008 0.92336648
v -14.58790016 9.37436896 15.24160045
v -13.04529953 10.27760053 -5.60088971
v -13.98419952 8.69020955 18.12210121
v -14.28450012 9.02927995 -5.62496956
v -15.09290028 7.53413925 19.70560107
v -16.39450073 4.46337926 13.61320038
v -14.63300037 4.0519692 18.4421007
v -16.25 4.09492007 1.91268021
v -15.81439972 4.2490704 -5.29067975
v 14.97690105 9.78497075 -10.77980094
v 17.13489914 4.85022045 -5.62595966
v 16.6882 4.30043027 -10.20079975
v 14.87730026 9.53946044 -5.93787962
v 14.47469997 9.39724022 -12.24400002
v 13.30370045 10.90080001 -5.95655966
v 13.14039993 10.46020085 -12.2658992
v 13.28999996 11.20180082 -10.92339944
v 14.28450012 9.02927995 -5.62496956
v 15.81439972 4.2490704 -5.29066973
v 15.65820026 4.05197054 -12.12530023
v 11.07419968 11.45189979 -5.97524927
v 13.04529953 10.27760053 -5.60088971
v 11.15019989 10.71580053 -5.57680941
v 11.15019989 9.15345054 -12.0546995
v 11.15019989 10.7129007 -12.28769923
v 14.08749962 9.10513074 -12.34230002
v 14.20979977 4.05197054 -12.21119958
v -1.11E-06 11.37549997 -5.57680939
v 10.60000038 11.80850077 -11.06689974
v 0 12.20630004 -5.97524923
v -1.24E-06 9.15345055 -12.33099993
v -1.09E-06 12.71190025 -11.34329931
v -1.11E-06 11.25020082 -12.56409977
v -14.97690105 9.78497075 -10.77980094
v -16.6882 4.30043027 -10.20079975
v -17.13489914 4.85022045 -5.62595966
v -14.47469997 9.39724022 -12.24400002
v -14.87730026 9.53946044 -5.93787962
v -13.14039993 10.46020085 -12.2658992
v -13.30370045 10.90080001 -5.95655966
v -13.28999996 11.20180082 -10.92339944
v -15.65820026 4.05197054 -12.12530023
v -14.28450012 9.02927995 -5.62496956
v -15.81439972 4.2490704 -5.29067975
v -11.15019989 10.7129007 -12.28769923
v -11.15019989 9.15345054 -12.0546995
v -13.04529953 10.27760053 -5.60088971
v -11.07419968 11.45189979 -5.97524927
v -11.15019989 10.71580053 -5.57680941
v -14.08749962 9.10513074 -12.34230002
v -14.20979977 4.05197054 -12.21119958
v -10.60000038 11.80850077 -11.06689974
v 2.41624999 10.41000057 -16.53449967
v 0.294397 9.15932041 -12.12219961
v 0.15666801 12.91890026 -16.56019917
v 2.48165989 8.9509608 -14.75609931
v 5.41984987 12.80400062 -16.42460004
v 7.65984011 9.04615086 -14.86839922
v 7.59441996 10.50520111 -16.64679863
v 10.06200027 13.190501 -16.88089885
v 10.20440006 9.32360035 -12.31609971
v 7.59361982 13.30870023 -14.30919971
v 2.4819901 11.71700055 -12.39799925
v 7.66016006 11.81210096 -12.51029917
v 2.41544008 13.21350064 -14.19679965
v 10.20440006 9.32360035 -12.31609971
v 5.41984987 12.80400062 -16.42460004
v 10.06200027 13.190501 -16.88089885
v 0.294397 9.15932041 -12.12219961
v 0.15666801 12.91890026 -16.56019917
v -7.86534977 10.45190025 -16.58799889
v -10.08969975 9.23792034 -12.21499975
v -10.08370018 12.9985006 -16.65419903
v -7.85677004 8.99222057 -14.80889949
v -4.82650995 12.79960037 -16.4193987
v -2.67652988 9.00471085 -14.82359942
v -2.68511009 10.46440102 -16.60269882
v -0.171037 13.11190106 -16.78809872
v -0.176404 9.24392086 -12.22209985
v -2.68520999 13.26990095 -14.2633995
v -7.85671997 11.76030023 -12.44909903
v -2.67649007 11.77270085 -12.46379992
v -7.86544991 13.25740018 -14.24859943
v -0.176404 9.24392086 -12.22209985
v -4.82650995 12.79960037 -16.4193987
v -0.171037 13.11190106 -16.78809872
v -10.08969975 9.23792034 -12.21499975
v -10.08370018 12.9985006 -16.65419903
v 14.08749962 9.15345054 -12.09999998
v -13.66489983 8.74133891 17.62369957
v 13.64430046 8.74480933 17.62369957
v -14.13860035 9.15345054 -12.09999998
v 14.08749962 4.80364042 -12.10000017
v -14.13860035 9.15345084 -18.90249975
v 14.08749962 9.15345084 -18.90249975
v 14.08749962 4.80363906 18.90250036
v -14.13860035 4.80364042 -12.10000017
v -14.13860035 4.80363906 18.90250036
v -14.13860035 4.80363906 18.90250036
v 14.08749962 4.80364072 -18.90249994
v 14.08749962 4.80363906 18.90250036
v -14.13860035 4.80364072 -18.90249994
v -14.13860035 4.80364072 -18.90249994
v 14.08749962 4.80364072 -18.90249994
v -13.83430004 7.0086291 16.1026004
v -13.9236002 7.01086917 18.47970039
v -13.93900013 7.00863006 -5.97012966
v -14.05029964 6.73939038 -11.10849923
v -15.65820026 4.05197054 -12.12530023
v -14.20979977 4.05197054 -12.21119958
v -16.6882 4.30043027 -10.20079975
v -17.13489914 4.85022045 -5.62595966
v -13.93900013 7.00863006 -5.97012966
v -15.81439972 4.2490704 -5.29067975
v 13.83430004 7.0086291 16.1026004
v 13.9236002 7.01086917 18.47970039
v 13.93900013 7.00863006 -5.97012966
v 14.05029964 6.73939038 -11.10849923
v 14.20979977 4.05197054 -12.21119958
v 15.65820026 4.05197054 -12.12530023
v 16.6882 4.30043027 -10.20079975
v 17.13489914 4.85022045 -5.62595966
v 13.93900013 7.00863006 -5.97012966
v 15.81439972 4.2490704 -5.29066973
vn 0.82599 0.56216 -0.04133
vn 0.78554 0.56796 0.24564
vn 0.9567 0.26443 0.12167
vn 0.43556 0.8906 0.13086
vn 0.96756 0.24466 -0.06298
vn 0.36546 0.93018 -0.03478
vn 0.90417 0.4158 -0.09793
vn 0.53533 0.83946 -0.09342
vn 0.93753 0.18509 0.29459
vn 0.1995 0.90114 0.3849
vn 0.35884 0.68017 0.63922
vn 0.95219 0.30118 -0.05114
vn 0.13708 0.98824 -0.06769
vn 0.12083 0.98893 0.08608
vn 0.11569 0.99297 -0.02524
vn 0 0.67553 0.73733
vn 0 0.60342 0.79743
vn 0 0.80766 0.58965
vn 0 0.9992 -0.04007
vn 0 0.99856 -0.0536
vn 0 0.95926 0.28254
vn 0 0.99835 0.0575
vn -0.13708 0.98824 -0.06769
vn -0.11569 0.99297 -0.02524
vn -0.12083 0.98893 0.08608
vn -0.1995 0.90114 0.3849
vn -0.36546 0.93018 -0.03478
vn -0.43556 0.8906 0.13086
vn -0.82599 0.56216 -0.04133
vn -0.78554 0.56796 0.24564
vn -0.53533 0.83946 -0.09342
vn -0.35884 0.68017 0.63922
vn -0.90417 0.4158 -0.09793
vn -0.9567 0.26443 0.12167
vn -0.93753 0.18509 0.2946
vn -0.96756 0.24466 -0.06298
vn -0.95219 0.30118 -0.05114
vn 0.79016 0.58598 -0.17966
vn 0.74516 0.33577 0.57619
vn 0.9133 0.23737 -0.33097
vn 0.5753 0.47669 0.66468
vn 0.48443 0.2987 -0.82226
vn 0.40261 0.73863 0.54067
vn 0.30404 0.4974 -0.8125
vn 0.36161 0.8991 -0.2467
vn 0.25738 0.19771 0.94587
vn 0.18872 0.12849 0.97359
vn 0.42115 0.06748 -0.90448
vn 0.13306 0.83082 0.5404
vn 0.23488 0.36229 0.90198
vn 0.08563 0.47225 0.8773
vn -0.02985 0.00882 -0.99952
vn 0.07985 0.3868 -0.9187
vn 0.06963 0.14325 -0.98723
vn 0.05918 -0.02446 -0.99795
vn 0 0.45548 0.89024
vn 0.1277 0.93503 -0.33078
vn 0 0.91625 0.40061
vn 0 -0.12918 -0.99162
vn 0 0.92465 -0.38082
vn 0 0.46968 -0.88284
vn -0.79016 0.58598 -0.17966
vn -0.9133 0.23737 -0.33097
vn -0.74516 0.33577 0.57619
vn -0.48443 0.2987 -0.82226
vn -0.5753 0.47669 0.66468
vn -0.30404 0.4974 -0.8125
vn -0.40261 0.73863 0.54067
vn -0.36161 0.8991 -0.2467
vn -0.42115 0.06748 -0.90448
vn -0.25738 0.19771 0.94587
vn -0.18872 0.12849 0.97359
vn -0.07985 0.3868 -0.9187
vn 0.02985 0.00882 -0.99952
vn -0.23488 0.36229 0.90198
vn -0.13306 0.83082 0.5404
vn -0.08563 0.47225 0.8773
vn -0.06963 0.14325 -0.98723
vn -0.05918 -0.02446 -0.99795
vn -0.1277 0.93503 -0.33078
vn -0.24821 -0.51615 -0.81975
vn -0.64537 -0.48115 0.59328
vn -0.63185 0.51968 -0.57507
vn -0.23024 -0.89492 -0.38224
vn -0.04054 0.65709 -0.75272
vn 0.14059 -0.92325 -0.35754
vn 0.25103 -0.44559 -0.85932
vn 0.53916 0.56315 -0.62623
vn 0.8696 -0.3068 0.38687
vn 0.19694 0.90695 0.37237
vn -0.16736 0.6136 0.77168
vn 0.17365 0.44523 0.87842
vn -0.28788 0.90787 0.30478
vn -0.66406 -0.47029 0.58124
vn -0.61256 0.52996 -0.58643
vn -0.01585 0.6578 -0.75302
vn 0.55986 0.55473 -0.6155
vn 0.85717 -0.32019 0.40342
vn 0.44717 0.8944 0.00951
vn -0.51037 0.70086 0.49832
vn 0.7561 0.5387 0.37165
vn -0.70706 0.70707 0.01054
vn 0.9996 0.02797 0.00373
vn -0.66667 0.66667 -0.33333
vn 0.66667 0.33333 -0.66667
vn 0.43839 0.32172 0.83923
vn -0.99954 0.0299 0.00399
vn -0.68944 0.29742 0.66046
vn 0.70711 0 -0.70711
vn -0.44721 0 -0.89443
vn 0.84128 -0.53599 -0.07037
vn 0.97168 -0.23345 0.03671
vn 0.91637 -0.36948 -0.1541
vn 0.76868 -0.62021 -0.15642
vn 0.76949 -0.63827 0.02209
vn 0.67655 -0.68809 -0.26233
vn 0.59828 -0.55007 -0.58266
vn 0.5643 -0.70077 0.43644
vn 0.40594 -0.52571 0.74756
vn 0.05471 -0.3818 0.92262
vn 0.70117 -0.64644 0.30079
vn 0.56664 -0.76028 -0.31764
vn -0.84128 -0.53599 -0.07037
vn -0.91637 -0.36948 -0.1541
vn -0.97168 -0.23345 0.03671
vn -0.76868 -0.62021 -0.15642
vn -0.7695 -0.63827 0.02209
vn -0.67655 -0.68809 -0.26233
vn -0.59828 -0.55007 -0.58266
vn -0.5643 -0.70077 0.43644
vn -0.05471 -0.3818 0.92262
vn -0.40594 -0.52571 0.74756
vn -0.70117 -0.64644 0.30079
vn -0.56664 -0.76028 -0.31764
vt 0.41534 0.27056
vt 0.41297 0.42663
vt 0.47135 0.40885
vt 0.38944 0.41567
vt 0.47555 0.28132
vt 0.39063 0.27057
vt 0.4132 0.2004
vt 0.38956 0.20068
vt 0.43754 0.48012
vt 0.36595 0.44015
vt 0.39828 0.46989
vt 0.47379 0.20402
vt 0.36592 0.20095
vt 0.36592 0.40471
vt 0.36592 0.27059
vt 0.23883 0.46989
vt 0.23883 0.49263
vt 0.41092 0.49263
vt 0.23883 0.27059
vt 0.23883 0.20095
vt 0.23883 0.44015
vt 0.23883 0.40471
vt 0.11173 0.20095
vt 0.11173 0.27059
vt 0.11173 0.40471
vt 0.11171 0.44015
vt 0.08702 0.27057
vt 0.08821 0.41567
vt 0.06231 0.27056
vt 0.06469 0.42663
vt 0.08809 0.20068
vt 0.07938 0.46989
vt 0.06446 0.2004
vt 0.06674 0.49263
vt 0.00631 0.40885
vt 0.04012 0.48012
vt 0.00211 0.28132
vt 0.00387 0.20402
vt 0.41284 0.13554
vt 0.46694 0.18794
vt 0.47321 0.14183
vt 0.41367 0.18794
vt 0.41219 0.11064
vt 0.38936 0.18794
vt 0.38906 0.11064
vt 0.38625 0.13399
vt 0.4132 0.19797
vt 0.47379 0.20158
vt 0.47604 0.11064
vt 0.36506 0.18794
vt 0.38956 0.19824
vt 0.36592 0.19852
vt 0.36592 0.09593
vt 0.36592 0.11064
vt 0.41165 0.09593
vt 0.47604 0.09593
vt 0.23883 0.19852
vt 0.35965 0.13244
vt 0.23883 0.18794
vt 0.23883 0.09593
vt 0.23883 0.12943
vt 0.23883 0.11064
vt 0.06481 0.13554
vt 0.00445 0.14183
vt 0.01071 0.18794
vt 0.06547 0.11064
vt 0.06398 0.18794
vt 0.0886 0.11064
vt 0.08829 0.18794
vt 0.09141 0.13399
vt 0.00161 0.11064
vt 0.06445 0.19797
vt 0.00386 0.20158
vt 0.11173 0.11064
vt 0.11173 0.09593
vt 0.08809 0.19824
vt 0.1126 0.18794
vt 0.11173 0.19852
vt 0.06601 0.09593
vt 0.00161 0.09593
vt 0.11801 0.13244
vt 0.96746 0.6089
vt 0.99625 0.66176
vt 0.9959 0.58698
vt 0.96746 0.63847
vt 0.92834 0.59119
vt 0.90089 0.63847
vt 0.90089 0.6089
vt 0.86848 0.5852
vt 0.86884 0.66211
vt 0.96375 0.52588
vt 0.89717 0.55344
vt 0.96375 0.55344
vt 0.89717 0.52588
vt 0.9958 0.57946
vt 0.9363 0.50854
vt 0.99615 0.50255
vt 0.86839 0.57911
vt 0.86874 0.50433
vt 0.31312 0.07292
vt 0.04499 0.08666
vt 0.31312 0.08666
vt 0.04499 0.07292
vt 0.35444 0.07292
vt 0.04499 0.00831
vt 0.31312 0.00831
vt 0.31312 0.08925
vt 0.00367 0.07292
vt 0.04499 0.08925
vt 0.00367 0.08666
vt 0.35444 0.00831
vt 0.35444 0.08666
vt 0.00367 0.00831
vt 0.04499 0.00181
vt 0.31312 0.00181
vt 0.06469 0.43562
vt 0.06601 0.282
vt 0.00162 0.28198
vt 0.00162 0.25767
vt 0.00162 0.31317
vt 0.00162 0.37401
vt 0.06446 0.37315
vt 0.00162 0.38765
vt 0.41297 0.43562
vt 0.41165 0.282
vt 0.47604 0.25767
vt 0.47604 0.28198
vt 0.47604 0.31317
vt 0.47604 0.37401
vt 0.4132 0.37315
vt 0.47604 0.38765
usemtl mat0
f 725/309/140 726/310/141 727/311/142
f 725/309/140 728/312/143 726/310/141
f 725/309/140 727/311/142 729/313/144
f 725/309/140 730/314/145 728/312/143
f 725/309/140 729/313/144 731/315/146
f 725/309/140 732/316/147 730/314/145
f 725/309/140 731/315/146 732/316/147
f 726/310/141 733/317/148 727/311/142
f 726/310/141 728/312/143 734/318/149
f 726/310/141 735/319/150 733/317/148
f 726/310/141 734/318/149 735/319/150
f 729/313/144 736/320/151 731/315/146
f 730/314/145 732/316/147 737/321/152
f 730/314/145 738/322/153 728/312/143
f 730/314/145 737/321/152 739/323/154
f 730/314/145 739/323/154 738/322/153
f 728/312/143 738/322/153 734/318/149
f 735/319/150 734/318/149 740/324/155
f 735/319/150 740/324/155 741/325/156
f 735/319/150 741/325/156 742/326/157
f 737/321/152 743/327/158 739/323/154
f 737/321/152 744/328/159 743/327/158
f 738/322/153 745/329/160 734/318/149
f 738/322/153 739/323/154 746/330/161
f 738/322/153 746/330/161 745/329/160
f 745/329/160 740/324/155 734/318/149
f 739/323/154 743/327/158 746/330/161
f 744/328/159 747/331/162 743/327/158
f 746/330/161 743/327/158 748/332/163
f 746/330/161 748/332/163 749/333/164
f 746/330/161 749/333/164 745/329/160
f 743/327/158 747/331/162 748/332/163
f 749/333/164 750/334/165 745/329/160
f 749/333/164 748/332/163 751/335/166
f 749/333/164 752/336/167 750/334/165
f 749/333/164 751/335/166 752/336/167
f 748/332/163 747/331/162 751/335/166
f 745/329/160 750/334/165 740/324/155
f 752/336/167 751/335/166 753/337/168
f 752/336/167 754/338/169 750/334/165
f 752/336/167 753/337/168 754/338/169
f 747/331/162 755/339/170 751/335/166
f 751/335/166 755/339/170 753/337/168
f 740/324/155 750/334/165 756/340/171
f 740/324/155 756/340/171 741/325/156
f 750/334/165 754/338/169 756/340/171
f 755/339/170 757/341/172 753/337/168
f 741/325/156 756/340/171 758/342/157
f 754/338/169 753/337/168 759/343/173
f 754/338/169 760/344/174 756/340/171
f 754/338/169 759/343/173 760/344/174
f 757/341/172 761/345/175 753/337/168
f 757/341/172 762/346/176 761/345/175
f 761/345/175 759/343/173 753/337/168
f 763/347/177 764/348/178 765/349/179
f 763/347/177 766/350/180 764/348/178
f 763/347/177 765/349/179 767/351/181
f 763/347/177 768/352/182 766/350/180
f 763/347/177 767/351/181 769/353/183
f 763/347/177 770/354/184 768/352/182
f 763/347/177 769/353/183 770/354/184
f 764/348/178 766/350/180 771/355/185
f 764/348/178 771/355/185 772/356/186
f 765/349/179 773/357/187 767/351/181
f 768/352/182 770/354/184 774/358/188
f 768/352/182 775/359/189 766/350/180
f 768/352/182 774/358/188 776/360/190
f 768/352/182 776/360/190 775/359/189
f 775/359/189 771/355/185 766/350/180
f 769/353/183 767/351/181 777/361/191
f 769/353/183 778/362/192 770/354/184
f 769/353/183 777/361/191 778/362/192
f 773/357/187 779/363/193 767/351/181
f 773/357/187 780/364/194 779/363/193
f 779/363/193 777/361/191 767/351/181
f 774/358/188 781/365/195 776/360/190
f 774/358/188 770/354/184 782/366/196
f 774/358/188 783/367/197 781/365/195
f 774/358/188 782/366/196 783/367/197
f 770/354/184 778/362/192 782/366/196
f 777/361/191 784/368/198 778/362/192
f 783/367/197 782/366/196 785/369/199
f 784/368/198 786/370/200 778/362/192
f 786/370/200 785/369/199 782/366/196
f 786/370/200 782/366/196 778/362/192
f 787/371/201 788/372/202 789/373/203
f 787/371/201 790/374/204 788/372/202
f 787/371/201 789/373/203 791/375/205
f 787/371/201 792/376/206 790/374/204
f 787/371/201 791/375/205 793/377/207
f 787/371/201 794/378/208 792/376/206
f 787/371/201 793/377/207 794/378/208
f 788/372/202 790/374/204 795/379/209
f 789/373/203 796/380/210 791/375/205
f 789/373/203 797/381/211 796/380/210
f 792/376/206 794/378/208 798/382/212
f 792/376/206 799/383/213 790/374/204
f 792/376/206 798/382/212 799/383/213
f 793/377/207 791/375/205 800/384/214
f 793/377/207 801/385/215 794/378/208
f 793/377/207 800/384/214 802/386/216
f 793/377/207 802/386/216 801/385/215
f 800/384/214 791/375/205 796/380/210
f 795/379/209 790/374/204 803/387/217
f 795/379/209 803/387/217 804/388/218
f 803/387/217 790/374/204 799/383/213
f 798/382/212 794/378/208 805/389/219
f 798/382/212 784/368/198 799/383/213
f 798/382/212 805/389/219 786/370/200
f 798/382/212 786/370/200 784/368/198
f 794/378/208 801/385/215 805/389/219
f 802/386/216 781/365/195 801/385/215
f 786/370/200 805/389/219 785/369/199
f 781/365/195 783/367/197 801/385/215
f 783/367/197 805/389/219 801/385/215
f 783/367/197 785/369/199 805/389/219
f 806/390/220 807/391/221 808/392/222
f 806/390/220 809/393/223 807/391/221
f 806/390/220 808/392/222 810/394/224
f 806/390/220 811/395/225 809/393/223
f 806/390/220 810/394/224 812/396/226
f 806/390/220 812/396/226 811/395/225
f 809/393/223 811/395/225 807/391/221
f 810/394/224 813/397/227 812/396/226
f 811/395/225 814/398/228 807/391/221
f 811/395/225 812/396/226 814/398/228
f 814/398/228 812/396/226 813/397/227
f 815/399/229 816/400/230 817/401/231
f 815/399/229 818/402/232 816/400/230
f 815/399/229 817/401/231 819/403/228
f 815/399/229 820/404/224 818/402/232
f 815/399/229 819/403/228 821/405/227
f 815/399/229 821/405/227 820/404/224
f 816/400/230 822/406/221 817/401/231
f 816/400/230 818/402/232 822/406/221
f 817/401/231 822/406/221 819/403/228
f 820/404/224 823/407/222 818/402/232
f 818/402/232 823/407/222 822/406/221
f 824/390/220 825/391/233 826/392/234
f 824/390/220 827/393/223 825/391/233
f 824/390/220 826/392/234 828/394/235
f 824/390/220 829/395/225 827/393/223
f 824/390/220 828/394/235 830/396/226
f 824/390/220 830/396/226 829/395/225
f 827/393/223 829/395/225 825/391/233
f 828/394/235 831/397/236 830/396/226
f 829/395/225 832/398/237 825/391/233
f 829/395/225 830/396/226 832/398/237
f 832/398/237 830/396/226 831/397/236
f 833/399/149 834/400/230 835/401/231
f 833/399/149 836/402/232 834/400/230
f 833/399/149 835/401/231 837/403/237
f 833/399/149 838/404/235 836/402/232
f 833/399/149 837/403/237 839/405/236
f 833/399/149 839/405/236 838/404/235
f 834/400/230 840/406/233 835/401/231
f 834/400/230 836/402/232 840/406/233
f 835/401/231 840/406/233 837/403/237
f 838/404/235 841/407/234 836/402/232
f 836/402/232 841/407/234 840/406/233
f 842/408/238 843/409/239 844/410/240
f 842/408/238 845/411/241 843/409/239
f 842/408/238 844/410/240 846/412/242
f 842/408/238 847/413/243 845/411/241
f 842/408/238 846/412/242 848/414/244
f 842/408/238 848/414/244 847/413/243
f 843/409/239 849/415/245 844/410/240
f 843/409/239 845/411/241 850/416/246
f 843/409/239 851/417/247 849/415/245
f 843/409/239 850/416/246 852/418/247
f 845/411/241 847/413/243 850/416/246
f 846/412/242 853/419/248 848/414/244
f 846/412/242 844/410/240 854/420/245
f 847/413/243 855/421/249 850/416/246
f 847/413/243 848/414/244 856/422/249
f 848/414/244 857/423/248 856/422/249
f 858/424/250 859/340/251 760/344/252
f 858/424/250 760/344/252 759/343/253
f 858/424/250 759/343/253 761/345/254
f 858/424/250 761/345/254 860/341/255
f 761/345/254 762/346/256 860/341/255
f 861/425/257 862/426/258 863/427/259
f 861/425/257 864/428/260 862/426/258
f 861/425/257 865/429/261 864/428/260
f 861/425/257 866/430/255 865/429/261
f 866/430/255 867/431/256 865/429/261
f 868/432/262 733/317/263 869/319/264
f 868/432/262 727/311/265 733/317/263
f 868/432/262 729/313/266 727/311/265
f 868/432/262 870/315/267 729/313/266
f 870/315/267 736/320/268 729/313/266
f 871/433/269 872/434/270 873/435/271
f 871/433/269 873/435/271 874/436/272
f 871/433/269 874/436/272 875/437/273
f 871/433/269 875/437/273 876/438/267
f 875/437/273 877/439/268 876/438/267
# Vertices: 153, normals: 134, texture coordinates: 131, faces: 196

o obj4
v 14.52190018 8.3E-07 -18.90250015
v 14.08749962 4.80363906 18.90250036
v 14.52190018 -8.3E-07 18.90250015
v 14.08749962 4.80364072 -18.90249994
v -12.00450039 4.80363904 19.39900038
v 12.00450039 -8.6E-07 19.73730087
v 12.00450039 4.80363904 19.39900038
v -12.00450039 -8.6E-07 19.73730087
v -14.57380009 -8.3E-07 18.90250015
v -14.13860035 4.80364072 -18.90249994
v -14.57380009 8.3E-07 -18.90250015
v -14.13860035 4.80363906 18.90250036
v 12.00450039 4.80364074 -19.39899996
v -12.00450039 8.6E-07 -19.73730087
v -12.00450039 4.80364074 -19.39899996
v 12.00450039 8.6E-07 -19.73730087
v 14.08749962 4.80363906 18.90250036
v 14.52190018 8.3E-07 -18.90250015
v 14.52190018 -8.3E-07 18.90250015
v 14.08749962 4.80364072 -18.90249994
v 12.00450039 -8.6E-07 19.73730087
v -12.00450039 4.80363904 19.39900038
v 12.00450039 4.80363904 19.39900038
v -12.00450039 -8.6E-07 19.73730087
v -14.13860035 4.80364072 -18.90249994
v -14.57380009 -8.3E-07 18.90250015
v -14.57380009 8.3E-07 -18.90250015
v -14.13860035 4.80363906 18.90250036
v -12.00450039 8.6E-07 -19.73730087
v 12.00450039 4.80364074 -19.39899996
v -12.00450039 4.80364074 -19.39899996
v 12.00450039 8.6E-07 -19.73730087
vn 0.99594 0.09006 0
vn 0 0.07026 0.99753
vn -0.99592 0.09023 0
vn 0 0.07026 -0.99753
vn -0.99594 -0.09006 0
vn 0 -0.07026 -0.99753
vn 0.99592 -0.09023 0
vn 0 -0.07026 0.99753
vt 0.99594 0.04948
vt 0.61611 0.0029
vt 0.61611 0.04948
vt 0.99594 0.0029
vt 0.36659 0.0029
vt 0.60781 0.04917
vt 0.60781 0.0029
vt 0.36659 0.04917
usemtl mat0
f 878/440/274 879/441/274 880/442/274
f 878/440/274 881/443/274 879/441/274
f 882/444/275 883/445/275 884/446/275
f 882/444/275 885/447/275 883/445/275
f 886/440/276 887/441/276 888/442/276
f 886/440/276 889/443/276 887/441/276
f 890/444/277 891/445/277 892/446/277
f 890/444/277 893/447/277 891/445/277
f 894/443/278 895/442/278 896/440/278
f 894/443/278 897/441/278 895/442/278
f 898/447/279 899/446/279 900/444/279
f 898/447/279 901/445/279 899/446/279
f 902/443/280 903/442/280 904/440/280
f 902/443/280 905/441/280 903/442/280
f 906/447/281 907/446/281 908/444/281
f 906/447/281 909/445/281 907/446/281
# Vertices: 32, normals: 8, texture coordinates: 8, faces: 16

o obj5
v 14.12380028 10.9071989 21.87400103
v 12.38679981 15.90329934 21.56660149
v 12.86460018 10.9071989 22.04439974
v 13.64589977 15.90329935 21.39620088
v 14.96730042 10.90719894 21.0303998
v 14.48950005 15.90329939 20.55260156
v 15.13770008 10.907199 19.77129984
v 14.65989971 15.90329944 19.2935016
v -14.97599983 10.90719894 21.02170038
v -14.66860008 15.90329944 19.28480027
v -15.14640045 10.907199 19.76260042
v -14.49820042 15.90329939 20.54390023
v -14.13249969 10.9071989 21.8652997
v -13.65460014 15.90329935 21.38750146
v -12.8732996 10.9071989 22.03570032
v -12.39550018 15.90329934 21.55790017
v 14.97599983 10.90720078 -21.02169943
v 14.66860008 15.90330113 -19.28479888
v 15.14640045 10.90720072 -19.76259947
v 14.49820042 15.90330118 -20.54389884
v 14.13249969 10.90720082 -21.86529875
v 13.65460014 15.90330122 -21.38750007
v 12.8732996 10.90720082 -22.03569937
v 12.39550018 15.90330123 -21.55789878
v -14.12380028 10.90720082 -21.87400007
v -12.38679981 15.90330123 -21.5666001
v -12.86460018 10.90720082 -22.04439878
v -13.64589977 15.90330122 -21.39619948
v -14.96730042 10.90720078 -21.03039885
v -14.48950005 15.90330118 -20.55260017
v -15.13770008 10.90720072 -19.77129889
v -14.65989971 15.90330113 -19.29350021
v -12.00450039 32.25809951 -20.77479794
v 12.00450039 36.2594995 -20.77479776
v 12.00450039 32.25809951 -20.77479794
v -12.00450039 36.2594995 -20.77479776
v -13.53859997 32.25809778 18.90250156
v -13.53859997 36.25949942 -18.90249857
v -13.53859997 32.25809943 -18.90249874
v -13.53859997 36.25949777 18.90250174
v 13.53859997 32.25809943 -18.90249874
v 13.53859997 36.25949777 18.90250174
v 13.53859997 32.25809778 18.90250156
v 13.53859997 36.25949942 -18.90249857
v 12.00450039 32.25809771 20.38440082
v -12.00450039 36.25949771 20.384401
v -12.00450039 32.25809771 20.38440082
v 12.00450039 36.25949771 20.384401
vn 0.33798 0.12159 0.93326
vn 0.13334 0.10699 0.98528
vn 0.53621 0.13104 0.83385
vn 0.83385 0.13104 0.53621
vn 0.93326 0.12159 0.33798
vn 0.98528 0.10699 0.13334
vn -0.93326 0.12159 0.33798
vn -0.98528 0.10699 0.13334
vn -0.83385 0.13104 0.53621
vn -0.53621 0.13104 0.83385
vn -0.33798 0.12159 0.93326
vn -0.13334 0.10699 0.98528
vn 0.93326 0.12159 -0.33798
vn 0.98528 0.10699 -0.13334
vn 0.83385 0.13104 -0.53621
vn 0.53621 0.13104 -0.83385
vn 0.33798 0.12159 -0.93327
vn 0.13334 0.10699 -0.98528
vn -0.33798 0.12159 -0.93326
vn -0.13334 0.10699 -0.98528
vn -0.53621 0.13104 -0.83385
vn -0.83385 0.13104 -0.53621
vn -0.93326 0.12159 -0.33798
vn -0.98528 0.10699 -0.13334
vn 0 0 -1
vn -1 0 0
vn 1 0 0
vn 0 0 1
vt 0.9898 0.82929
vt 0.82108 0.98488
vt 0.9898 0.98488
vt 0.82108 0.82929
vt 0.9898 0.66759
vt 0.82108 0.66759
vt 0.9898 0.51199
vt 0.82108 0.51199
vt 0.6344 0.93955
vt 0.00534 0.52051
vt 0.00534 0.93955
vt 0.6344 0.52051
vt 0.99577 0.47474
vt 0.00557 0.05453
vt 0.00557 0.47474
vt 0.99577 0.05453
usemtl mat1
f 910/448/282 911/449/283 912/450/283
f 910/448/282 913/451/284 911/449/283
f 910/448/282 914/452/285 913/451/284
f 914/452/285 915/453/286 913/451/284
f 914/452/285 916/454/287 915/453/286
f 916/454/287 917/455/287 915/453/286
f 918/448/288 919/449/289 920/450/289
f 918/448/288 921/451/290 919/449/289
f 918/448/288 922/452/291 921/451/290
f 922/452/291 923/453/292 921/451/290
f 922/452/291 924/454/293 923/453/292
f 924/454/293 925/455/293 923/453/292
f 926/448/294 927/449/295 928/450/295
f 926/448/294 929/451/296 927/449/295
f 926/448/294 930/452/297 929/451/296
f 930/452/297 931/453/298 929/451/296
f 930/452/297 932/454/299 931/453/298
f 932/454/299 933/455/299 931/453/298
f 934/448/300 935/449/301 936/450/301
f 934/448/300 937/451/302 935/449/301
f 934/448/300 938/452/303 937/451/302
f 938/452/303 939/453/304 937/451/302
f 938/452/303 940/454/305 939/453/304
f 940/454/305 941/455/305 939/453/304
f 942/456/306 943/457/306 944/458/306
f 942/456/306 945/459/306 943/457/306
f 946/460/307 947/461/307 948/462/307
f 946/460/307 949/463/307 947/461/307
f 950/460/308 951/461/308 952/462/308
f 950/460/308 953/463/308 951/461/308
f 954/456/309 955/457/309 956/458/309
f 954/456/309 957/459/309 955/457/309
# Vertices: 48, normals: 28, texture coordinates: 16, faces: 32

o obj6
v 13.88120079 15.96370044 18.38060067
v 16.01140022 12.38639939 19.0443998
v 15.50010014 11.92679899 17.93310027
v 14.64210033 15.89239895 19.23940156
v 14.04740047 11.25599881 17.22860004
v 14.9975996 18.42349937 15.86610112
v 12.62639999 15.85959926 18.42989991
v 13.45040035 18.38319908 13.92490086
v 16.46719933 4.28338928 17.46200008
v 15.51430035 11.90669927 19.87030081
v 17.36240005 3.60823908 18.52100007
v 12.6626997 11.25599874 18.77470066
v 15.11340046 4.8000891 16.93750021
v 14.4399004 5.271969 18.13559937
v 14.39379978 22.72789907 10.98680119
v 14.4939003 18.68189916 19.82680021
v 14.2157011 23.16540061 19.47740084
v 16.21159935 2.54814919 19.99370014
v 14.30739975 15.74959954 19.92700073
v 14.52190113 11.23770052 20.44700099
v 12.52859974 15.74539959 19.11590073
v 11.73110008 18.34550036 13.48340115
v 13.53279972 27.94350017 7.89839104
v 12.86050034 22.68149906 9.5360413
v 14.52190018 0.2877381 20.68930055
v 16.22100067 0.75662812 20.0002003
v 13.34630013 18.34589875 19.09960064
v 13.16810036 22.63419831 19.10150055
v 12.16059971 27.99649972 6.66759137
v 12.74009991 37.40930094 18.72360202
v 12.74009991 37.40930149 6.08454153
v 11.05910015 22.63419874 9.2643309
v 14.4399004 5.271969 18.13559937
v 12.52859974 15.74539959 19.11590073
v 12.6626997 11.25599874 18.77470066
v 11.81540012 37.40930091 19.48220226
v 11.94219971 37.40930155 4.68704149
v 10.72980022 28.05179949 6.45113114
v 11.37979984 37.40930156 4.43469163
v -11.91530132 15.96370034 20.7792003
v -12.41779995 12.38639922 22.90940148
v -11.57660007 11.9267988 22.39810042
v -12.56540012 15.89239885 21.54010079
v -11.04319954 11.25599865 20.94540073
v -10.01179981 18.4234991 21.89550099
v -11.95259953 15.85959921 19.5244014
v -8.54232025 18.3831988 20.34840092
v -11.21990013 4.28338902 23.36520023
v -13.04300022 11.90669915 22.41230063
v -12.02159977 3.60823883 24.26040093
v -12.21360016 11.25599871 19.56069995
v -10.82289982 4.80008887 22.01129934
v -11.72990036 5.27196886 21.33790039
v -6.31821012 22.72789862 21.29180054
v -13.01010036 18.68189909 21.39189993
v -12.7456007 23.16540054 21.11370188
v -13.13640022 2.54814905 23.10960018
v -13.08590031 15.74959948 21.20540116
v -13.47960091 11.23770048 21.41990329
v -12.47189999 15.74539958 19.42660019
v -8.20808983 18.34550013 18.6291016
v -3.9802599 27.94349963 20.43080071
v -5.21996021 22.68149862 19.75850014
v -13.66300011 0.28773807 21.41990091
v -13.1413002 0.75662798 23.11899951
v -12.45960045 18.3458987 20.24420055
v -12.46100044 22.63419827 20.06600097
v -3.04854989 27.99649918 19.05850151
v -12.17500019 37.4093009 19.63810131
v -2.60718012 37.4093009 19.63810131
v -5.01427984 22.63419836 17.9571009
v -11.72990036 5.27196886 21.33790039
v -12.47189999 15.74539958 19.42660019
v -12.21360016 11.25599871 19.56069995
v -12.74919987 37.40930094 18.71340152
v -1.54927003 37.40930093 18.84020206
v -2.88469005 28.051799 17.62780121
v -1.35824001 37.40930096 18.27770206
v 11.91530132 15.96370034 20.7792003
v 11.57660007 11.9267988 22.39810042
v 12.41779995 12.38639922 22.90940148
v 11.04329967 11.25599865 20.94540073
v 12.56540012 15.89239885 21.54010079
v 11.95259953 15.85959921 19.5244014
v 10.01179981 18.4234991 21.89550099
v 8.54232025 18.3831988 20.34840092
v 11.21990013 4.28338902 23.36520023
v 10.82289982 4.80008887 22.01129934
v 13.01010036 18.68189909 21.39189993
v 13.04300022 11.90669915 22.41230063
v 13.08590031 15.74959948 21.20540116
v 8.20808983 18.34550013 18.6291016
v 12.21360016 11.25599871 19.56069995
v 12.47189999 15.74539958 19.42660019
v 11.72990036 5.27196886 21.33790039
v 12.02159977 3.60823883 24.26040093
v 12.7456007 23.16540054 21.11370188
v 6.31821012 22.72789862 21.29180054
v 13.47960091 11.23770048 21.41990329
v 12.45960045 18.3458987 20.24420055
v 12.47189999 15.74539958 19.42660019
v 5.21997023 22.68149862 19.75850014
v 5.01427984 22.63419836 17.9571009
v 13.13640022 2.54814905 23.10960018
v 12.46100044 22.63419827 20.06600097
v 3.9802599 27.94349963 20.43080071
v 12.74919987 37.40930094 18.71340152
v 12.17500019 37.4093009 19.63810131
v 12.21360016 11.25599871 19.56069995
v 3.04854989 27.99649918 19.05850151
v 2.88469005 28.051799 17.62780121
v 13.66300011 0.28773807 21.41990091
v 13.1413002 0.75662798 23.11899951
v 2.60718012 37.4093009 19.63810131
v 11.72990036 5.27196886 21.33790039
v 1.54927003 37.40930093 18.84020206
v 1.35824001 37.40930096 18.27770206
v -13.88120079 15.96370044 18.38060067
v -15.50010014 11.92679899 17.93310027
v -16.01140022 12.38639939 19.0443998
v -14.04740047 11.25599881 17.22860004
v -14.64210033 15.89239895 19.23940156
v -12.62639999 15.85959926 18.42989991
v -14.9975996 18.42349937 15.86610112
v -13.45040035 18.38319908 13.92490086
v -16.46719933 4.28338928 17.46200008
v -15.11340046 4.8000891 16.93750021
v -14.4939003 18.68189916 19.82680021
v -15.51430035 11.90669927 19.87030081
v -14.30739975 15.74959954 19.92700073
v -11.73110008 18.34550036 13.48340115
v -12.6626997 11.25599874 18.77470066
v -12.52859974 15.74539959 19.11590073
v -14.4399004 5.271969 18.13559937
v -17.36240005 3.60823908 18.52100007
v -14.2157011 23.16540061 19.47740084
v -14.39379978 22.72789907 10.98680119
v -14.52190113 11.23770052 20.44700099
v -13.34630013 18.34589875 19.09960064
v -12.52859974 15.74539959 19.11590073
v -12.86050034 22.68149906 9.5360413
v -11.05910015 22.63419874 9.2643309
v -16.21159935 2.54814919 19.99370014
v -13.16810036 22.63419831 19.10150055
v -13.53279972 27.94350017 7.89839104
v -11.81540012 37.40930091 19.48220226
v -12.74009991 37.40930094 18.72360202
v -12.6626997 11.25599874 18.77470066
v -12.16059971 27.99649972 6.66759137
v -10.72980022 28.05179949 6.45113114
v -14.52190018 0.2877381 20.68930055
v -16.22100067 0.75662812 20.0002003
v -12.74009991 37.40930149 6.08454153
v -14.4399004 5.271969 18.13559937
v -11.94219971 37.40930155 4.68704149
v -11.37979984 37.40930156 4.43469163
v -13.88120079 15.96370205 -18.38059928
v -16.01140022 12.38640106 -19.04439872
v -15.50010014 11.92680056 -17.93309923
v -14.64210033 15.89240063 -19.23940017
v -14.04740047 11.25600032 -17.22859906
v -14.9975996 18.42350075 -15.86609951
v -12.62639999 15.85960087 -18.42989852
v -13.45040035 18.3832003 -13.92489925
v -16.46719933 4.28339081 -17.46199971
v -15.51430035 11.906701 -19.87029977
v -17.36240005 3.6082407 -18.52099975
v -12.6626997 11.25600039 -18.77469967
v -15.11340046 4.80009058 -16.93749979
v -14.4399004 5.27197059 -18.13559891
v -14.39379978 22.72790003 -10.9867992
v -14.4939003 18.68190089 -19.82679858
v -14.2157011 23.16540231 -19.47739881
v -16.21159935 2.54815094 -19.99369992
v -14.30739975 15.74960128 -19.92699936
v -14.52190113 11.23770231 -20.44700001
v -12.52859974 15.74540126 -19.11589935
v -11.73110008 18.34550154 -13.48339954
v -13.53279972 27.94350086 -7.89838859
v -12.86050034 22.6814999 -9.53603931
v -14.52190018 0.28773991 -20.68930052
v -16.22100067 0.75662986 -20.00020024
v -13.34630013 18.34590042 -19.09959904
v -13.16810036 22.63419998 -19.10149857
v -12.16059971 27.99650031 -6.66758892
v -12.74009991 37.40930258 -18.72359875
v -12.74009991 37.40930202 -6.08453826
v -11.05910015 22.63419955 -9.26432892
v -14.4399004 5.27197059 -18.13559891
v -12.52859974 15.74540126 -19.11589935
v -12.6626997 11.25600039 -18.77469967
v -11.81540012 37.40930261 -19.48219899
v -11.94219971 37.40930196 -4.68703822
v -10.72980022 28.05180006 -6.45112869
v -11.37979984 37.40930195 -4.43468836
v 13.88120079 15.96370205 -18.38059928
v 15.50010014 11.92680056 -17.93309923
v 16.01140022 12.38640106 -19.04439872
v 14.04740047 11.25600032 -17.22859906
v 14.64210033 15.89240063 -19.23940017
v 12.62639999 15.85960087 -18.42989852
v 14.9975996 18.42350075 -15.86609951
v 13.45040035 18.3832003 -13.92489925
v 16.46719933 4.28339081 -17.46199971
v 15.11340046 4.80009058 -16.93749979
v 14.4939003 18.68190089 -19.82679858
v 15.51430035 11.906701 -19.87029977
v 14.30739975 15.74960128 -19.92699936
v 11.73110008 18.34550154 -13.48339954
v 12.6626997 11.25600039 -18.77469967
v 12.52859974 15.74540126 -19.11589935
v 14.4399004 5.27197059 -18.13559891
v 17.36240005 3.6082407 -18.52099975
v 14.2157011 23.16540231 -19.47739881
v 14.39379978 22.72790003 -10.9867992
v 14.52190113 11.23770231 -20.44700001
v 13.34630013 18.34590042 -19.09959904
v 12.52859974 15.74540126 -19.11589935
v 12.86050034 22.6814999 -9.53603931
v 11.05910015 22.63419955 -9.26432892
v 16.21159935 2.54815094 -19.99369992
v 13.16810036 22.63419998 -19.10149857
v 13.53279972 27.94350086 -7.89838859
v 11.81540012 37.40930261 -19.48219899
v 12.74009991 37.40930258 -18.72359875
v 12.6626997 11.25600039 -18.77469967
v 12.16059971 27.99650031 -6.66758892
v 10.72980022 28.05180006 -6.45112869
v 14.52190018 0.28773991 -20.68930052
v 16.22100067 0.75662986 -20.00020024
v 12.74009991 37.40930202 -6.08453826
v 14.4399004 5.27197059 -18.13559891
v 11.94219971 37.40930196 -4.68703822
v 11.37979984 37.40930195 -4.43468836
v 11.91530132 15.96370216 -20.7791989
v 12.41779995 12.38640122 -22.9094004
v 11.57660007 11.92680075 -22.39809938
v 12.56540012 15.89240073 -21.5400994
v 11.04329967 11.25600048 -20.94539975
v 10.01179981 18.42350103 -22.20639911
v 11.95259953 15.85960095 -20.2956002
v 8.54232025 18.38320064 -21.67139927
v 11.21990013 4.28339107 -23.36519986
v 13.04300022 11.90670111 -22.41229959
v 12.02159977 3.60824095 -24.26040061
v 12.21360016 11.25600042 -19.56069897
v 10.82289982 4.8000908 -22.01129892
v 11.72990036 5.27197073 -21.33789993
v 6.31821012 22.72790052 -22.1548986
v 13.01010036 18.68190096 -21.39189829
v 12.7456007 23.16540238 -21.11369985
v 13.13640022 2.54815107 -23.10959996
v 13.08590031 15.74960134 -21.20539978
v 13.47960091 11.23770235 -21.41990231
v 12.47189999 15.74540128 -19.42659881
v 8.20808983 18.34550186 -20.84209934
v 3.9802599 27.94350147 -21.65549919
v 5.21996021 22.68150041 -21.33939835
v 13.66300011 0.28773994 -21.41990088
v 13.1413002 0.75663 -23.11899945
v 12.45960045 18.34590047 -20.24419895
v 12.46100044 22.63420002 -20.065999
v 3.04854989 27.99650091 -20.3693988
v 12.17500019 37.40930262 -19.63809804
v 2.60718012 37.40930262 -19.63809804
v 5.01427984 22.63420002 -20.13289925
v 11.72990036 5.27197073 -21.33789993
v 12.47189999 15.74540128 -19.42659881
v 12.21360016 11.25600042 -19.56069897
v 12.74919987 37.40930258 -18.71339825
v 1.54927003 37.40930258 -18.84019879
v 2.88469005 28.05180061 -19.1682994
v 1.35824001 37.40930256 -18.27769879
v -11.91530132 15.96370216 -20.7791989
v -11.57660007 11.92680075 -22.39809938
v -12.41779995 12.38640122 -22.9094004
v -11.04319954 11.25600048 -20.94539975
v -12.56540012 15.89240073 -21.5400994
v -11.95259953 15.85960095 -20.2956002
v -10.01179981 18.42350103 -22.20639911
v -8.54232025 18.38320064 -21.67139927
v -11.21990013 4.28339107 -23.36519986
v -10.82289982 4.8000908 -22.01129892
v -13.01010036 18.68190096 -21.39189829
v -13.04300022 11.90670111 -22.41229959
v -13.08590031 15.74960134 -21.20539978
v -8.20808983 18.34550186 -20.84209934
v -12.21360016 11.25600042 -19.56069897
v -12.47189999 15.74540128 -19.42659881
v -11.72990036 5.27197073 -21.33789993
v -12.02159977 3.60824095 -24.26040061
v -12.7456007 23.16540238 -21.11369985
v -6.31821012 22.72790052 -22.1548986
v -13.47960091 11.23770235 -21.41990231
v -12.45960045 18.34590045 -19.90819851
v -12.47189999 15.74540128 -19.42659881
v -5.21996021 22.68150041 -21.33939835
v -5.01427984 22.63420002 -20.13289925
v -13.13640022 2.54815107 -23.10959996
v -12.46100044 22.63420002 -20.065999
v -3.9802599 27.94350147 -21.65549919
v -12.74919987 37.40930258 -18.71339825
v -12.17500019 37.40930262 -19.63809804
v -12.21360016 11.25600042 -19.56069897
v -3.04854989 27.99650091 -20.3693988
v -2.88469005 28.05180061 -19.1682994
v -13.66300011 0.28773994 -21.41990088
v -13.1413002 0.75663 -23.11899945
v -2.60718012 37.40930262 -19.63809804
v -11.72990036 5.27197073 -21.33789993
v -1.54927003 37.40930258 -18.84019879
v -1.35824001 37.40930256 -18.27769879
v 16.34530067 3.44612924 18.31229988
v 16.35330009 2.00840918 18.27379998
v 15.1008997 3.76017921 18.00420015
v 16.21159935 2.54814919 19.99370014
v 15.11340046 4.8000891 16.93750021
v 17.36240005 3.60823908 18.52100007
v 16.46719933 4.28338928 17.46200008
v 15.02180004 1.17413919 17.99110036
v 16.22100067 0.75662812 20.0002003
v 14.4399004 5.271969 18.13559937
v 14.52190018 0.2877381 20.68930055
v 14.52190018 0.2877381 20.68930055
v -11.86359978 3.44612902 23.24329963
v -11.83450031 2.00840896 23.2513009
v -11.63029957 3.76017903 21.99889962
v -13.13640022 2.54814905 23.10960018
v -10.82289982 4.80008887 22.01129934
v -12.02159977 3.60823883 24.26040093
v -11.21990013 4.28338902 23.36520023
v -11.62040043 1.17413902 21.91979986
v -13.1413002 0.75662798 23.11899951
v -11.72990036 5.27196886 21.33790039
v -13.66300011 0.28773807 21.41990091
v -13.66300011 0.28773807 21.41990091
v 11.86359978 3.44612902 23.24329963
v 11.63029957 3.76017903 21.99889962
v 11.83450031 2.00840896 23.2513009
v 10.82289982 4.80008887 22.01129934
v 13.13640022 2.54814905 23.10960018
v 11.21990013 4.28338902 23.36520023
v 12.02159977 3.60823883 24.26040093
v 11.62040043 1.17413902 21.91979986
v 11.72990036 5.27196886 21.33790039
v 13.1413002 0.75662798 23.11899951
v 13.66300011 0.28773807 21.41990091
v 13.66300011 0.28773807 21.41990091
v -16.34530067 3.44612924 18.31229988
v -15.1008997 3.76017921 18.00420015
v -16.35330009 2.00840918 18.27379998
v -15.11340046 4.8000891 16.93750021
v -16.21159935 2.54814919 19.99370014
v -16.46719933 4.28338928 17.46200008
v -17.36240005 3.60823908 18.52100007
v -15.02180004 1.17413919 17.99110036
v -14.4399004 5.271969 18.13559937
v -16.22100067 0.75662812 20.0002003
v -14.52190018 0.2877381 20.68930055
v -14.52190018 0.2877381 20.68930055
v -16.34530067 3.44613084 -18.31229958
v -16.35330009 2.00841078 -18.27379981
v -15.1008997 3.76018078 -18.00419982
v -16.21159935 2.54815094 -19.99369992
v -15.11340046 4.80009058 -16.93749979
v -17.36240005 3.6082407 -18.52099975
v -16.46719933 4.28339081 -17.46199971
v -15.02180004 1.17414076 -17.99110026
v -16.22100067 0.75662986 -20.00020024
v -14.4399004 5.27197059 -18.13559891
v -14.52190018 0.28773991 -20.68930052
v -14.52190018 0.28773991 -20.68930052
v 16.34530067 3.44613084 -18.31229958
v 15.1008997 3.76018078 -18.00419982
v 16.35330009 2.00841078 -18.27379981
v 15.11340046 4.80009058 -16.93749979
v 16.21159935 2.54815094 -19.99369992
v 16.46719933 4.28339081 -17.46199971
v 17.36240005 3.6082407 -18.52099975
v 15.02180004 1.17414076 -17.99110026
v 14.4399004 5.27197059 -18.13559891
v 16.22100067 0.75662986 -20.00020024
v 14.52190018 0.28773991 -20.68930052
v 14.52190018 0.28773991 -20.68930052
v 11.86359978 3.44613105 -23.24329933
v 11.83450031 2.00841099 -23.25119963
v 11.63029957 3.76018096 -21.9988993
v 13.13640022 2.54815107 -23.10959996
v 10.82289982 4.8000908 -22.01129892
v 12.02159977 3.60824095 -24.26040061
v 11.21990013 4.28339107 -23.36519986
v 11.62040043 1.17414093 -21.91979975
v 13.1413002 0.75663 -23.11899945
v 11.72990036 5.27197073 -21.33789993
v 13.66300011 0.28773994 -21.41990088
v 13.66300011 0.28773994 -21.41990088
v -11.86359978 3.44613105 -23.24329933
v -11.63029957 3.76018096 -21.9988993
v -11.83450031 2.00841099 -23.25119963
v -10.82289982 4.8000908 -22.01129892
v -13.13640022 2.54815107 -23.10959996
v -11.21990013 4.28339107 -23.36519986
v -12.02159977 3.60824095 -24.26040061
v -11.62040043 1.17414093 -21.91979975
v -11.72990036 5.27197073 -21.33789993
v -13.1413002 0.75663 -23.11899945
v -13.66300011 0.28773994 -21.41990088
v -13.66300011 0.28773994 -21.41990088
v 13.16810036 22.63419831 19.10150055
v 11.05910015 22.63419874 9.2643309
v 11.73110008 18.34550036 13.48340115
v 10.72980022 28.05179949 6.45113114
v 13.34630013 18.34589875 19.09960064
v 11.81540012 37.40930091 19.48220226
v 12.62639999 15.85959926 18.42989991
v 11.37979984 37.40930156 4.43469163
v 12.52859974 15.74539959 19.11590073
v -12.46100044 22.63419827 20.06600097
v -5.01427984 22.63419836 17.9571009
v -8.20808983 18.34550013 18.6291016
v -2.88469005 28.051799 17.62780121
v -12.45960045 18.3458987 20.24420055
v -12.74919987 37.40930094 18.71340152
v -11.95259953 15.85959921 19.5244014
v -1.35824001 37.40930096 18.27770206
v -12.47189999 15.74539958 19.42660019
v 12.46100044 22.63419827 20.06600097
v 8.20808983 18.34550013 18.6291016
v 5.01427984 22.63419836 17.9571009
v 12.45960045 18.3458987 20.24420055
v 2.88469005 28.051799 17.62780121
v 12.74919987 37.40930094 18.71340152
v 11.95259953 15.85959921 19.5244014
v 12.47189999 15.74539958 19.42660019
v 1.35824001 37.40930096 18.27770206
v -13.16810036 22.63419831 19.10150055
v -11.73110008 18.34550036 13.48340115
v -11.05910015 22.63419874 9.2643309
v -13.34630013 18.34589875 19.09960064
v -10.72980022 28.05179949 6.45113114
v -11.81540012 37.40930091 19.48220226
v -12.62639999 15.85959926 18.42989991
v -12.52859974 15.74539959 19.11590073
v -11.37979984 37.40930156 4.43469163
v -13.16810036 22.63419998 -19.10149857
v -11.05910015 22.63419955 -9.26432892
v -11.73110008 18.34550154 -13.48339954
v -10.72980022 28.05180006 -6.45112869
v -13.34630013 18.34590042 -19.09959904
v -11.81540012 37.40930261 -19.48219899
v -12.62639999 15.85960087 -18.42989852
v -11.37979984 37.40930195 -4.43468836
v -12.52859974 15.74540126 -19.11589935
v 13.16810036 22.63419998 -19.10149857
v 11.73110008 18.34550154 -13.48339954
v 11.05910015 22.63419955 -9.26432892
v 13.34630013 18.34590042 -19.09959904
v 10.72980022 28.05180006 -6.45112869
v 11.81540012 37.40930261 -19.48219899
v 12.62639999 15.85960087 -18.42989852
v 12.52859974 15.74540126 -19.11589935
v 11.37979984 37.40930195 -4.43468836
v 12.46100044 22.63420002 -20.065999
v 5.01427984 22.63420002 -20.13289925
v 8.20808983 18.34550186 -20.84209934
v 2.88469005 28.05180061 -19.1682994
v 12.45960045 18.34590047 -20.24419895
v 12.74919987 37.40930258 -18.71339825
v 11.95259953 15.85960095 -20.2956002
v 1.35824001 37.40930256 -18.27769879
v 12.47189999 15.74540128 -19.42659881
v -12.46100044 22.63420002 -20.065999
v -8.20808983 18.34550186 -20.84209934
v -5.01427984 22.63420002 -20.13289925
v -12.45960045 18.34590045 -19.90819851
v -2.88469005 28.05180061 -19.1682994
v -12.74919987 37.40930258 -18.71339825
v -11.95259953 15.85960095 -20.2956002
v -12.47189999 15.74540128 -19.42659881
v -1.35824001 37.40930256 -18.27769879
vn 0.53419 -0.21208 -0.81833
vn 0.94346 0.26501 -0.19914
vn 0.58678 0.20189 -0.78417
vn 0.99374 0.0205 0.10978
vn -0.34738 0.05055 -0.93636
vn 0.91563 -0.32725 -0.23352
vn -0.7839 -0.24497 -0.57052
vn 0.38776 -0.73071 -0.56187
vn 0.5563 -0.24384 -0.7944
vn 0.70529 0.14607 0.69371
vn 0.90523 -0.39628 -0.15337
vn -0.98894 -0.14825 -0.00369
vn -0.21776 -0.37818 -0.89976
vn -0.92502 -0.17716 -0.33609
vn 0.88357 -0.23077 -0.40749
vn 0.40215 0.04058 0.91467
vn 0.80932 0.12382 0.57417
vn 0.79684 -0.13652 0.58857
vn 0.17834 0.13699 0.97439
vn -0.27456 -0.01273 0.96149
vn -0.8243 0.10166 0.55695
vn -0.72094 -0.60652 -0.33523
vn 0.91476 -0.06184 -0.39923
vn 0.40919 -0.51787 -0.75125
vn -0.52999 -0.51147 0.6764
vn 0.77848 -0.62014 0.09699
vn -0.81297 0.1187 0.57008
vn -0.81912 -0.00914 0.57355
vn 0.45948 -0.28413 -0.84152
vn 0.95577 0.10632 0.27423
vn 0.89756 -0.03103 -0.4398
vn -0.52427 -0.49899 -0.69003
vn -0.65961 0.01364 0.75149
vn 0.50371 -0.18095 -0.84471
vn -0.6772 -0.24749 -0.69292
vn -0.56463 -0.1362 -0.81403
vn 0.8691 -0.20023 0.4523
vn 0.26257 0.26026 0.92915
vn 0.84541 0.17185 0.50572
vn -0.14945 0.01622 0.98864
vn 0.95205 0.0296 -0.30452
vn 0.28594 -0.30566 0.90819
vn 0.63129 -0.22435 -0.74238
vn 0.66511 -0.65997 0.34938
vn 0.85894 -0.19948 0.47162
vn -0.7776 0.12832 0.61553
vn 0.20483 -0.39794 0.89425
vn 0.02368 -0.14295 -0.98945
vn 0.92519 -0.3119 -0.21619
vn 0.39933 -0.16963 -0.90098
vn 0.48457 -0.20127 0.85128
vn -0.90782 0.0325 0.41809
vn -0.59306 0.1172 0.79659
vn -0.64172 -0.1353 0.75491
vn -0.97811 0.10621 0.17896
vn -0.96687 -0.01305 -0.25493
vn -0.60496 0.09762 -0.79025
vn 0.36965 -0.55124 -0.74799
vn 0.46186 -0.04439 0.88584
vn 0.83048 -0.43542 0.34743
vn -0.63164 -0.49528 -0.59643
vn -0.0504 -0.62838 0.77627
vn -0.63585 0.11327 -0.76346
vn -0.63453 -0.00831 -0.77285
vn 0.89316 -0.22639 0.3886
vn -0.30965 0.1029 0.94527
vn 0.51869 -0.02429 0.85462
vn 0.72508 -0.41299 -0.55108
vn -0.77157 0.0111 -0.63605
vn 0.89053 -0.14349 0.4317
vn 0.68211 -0.19165 -0.70568
vn 0.79307 -0.0875 -0.60281
vn -0.8691 -0.20023 0.4523
vn -0.84541 0.17185 0.50572
vn -0.26257 0.26026 0.92915
vn -0.95205 0.0296 -0.30452
vn 0.14945 0.01622 0.98864
vn -0.63129 -0.22435 -0.74238
vn -0.28594 -0.30566 0.90819
vn -0.66511 -0.65997 0.34938
vn -0.85894 -0.19949 0.47162
vn -0.92519 -0.3119 -0.21619
vn 0.90782 0.0325 0.41809
vn 0.7776 0.12832 0.61553
vn 0.97811 0.10621 0.17896
vn -0.36965 -0.55124 -0.74799
vn -0.02368 -0.14295 -0.98945
vn 0.60496 0.09762 -0.79025
vn -0.39933 -0.16963 -0.90098
vn -0.20483 -0.39794 0.89425
vn 0.59306 0.1172 0.79659
vn -0.48457 -0.20127 0.85128
vn 0.96687 -0.01305 -0.25493
vn 0.63585 0.11327 -0.76346
vn -0.83048 -0.43542 0.34743
vn -0.72508 -0.41299 -0.55108
vn 0.64172 -0.1353 0.75491
vn 0.63453 -0.00831 -0.77285
vn -0.46186 -0.04439 0.88584
vn 0.77157 0.0111 -0.63605
vn 0.30965 0.1029 0.94527
vn -0.89316 -0.22639 0.3886
vn -0.68211 -0.19165 -0.70568
vn 0.63164 -0.49528 -0.59643
vn 0.0504 -0.62838 0.77627
vn -0.51869 -0.02429 0.85462
vn -0.89053 -0.14349 0.4317
vn -0.79307 -0.0875 -0.60281
vn -0.53419 -0.21208 -0.81833
vn -0.58678 0.20189 -0.78417
vn -0.94346 0.26501 -0.19914
vn 0.34738 0.05055 -0.93636
vn -0.99374 0.0205 0.10978
vn 0.7839 -0.24497 -0.57052
vn -0.91563 -0.32725 -0.23352
vn -0.38776 -0.73071 -0.56187
vn -0.5563 -0.24384 -0.7944
vn 0.21777 -0.37818 -0.89976
vn -0.40215 0.04058 0.91467
vn -0.70529 0.14607 0.69371
vn -0.17834 0.13699 0.97439
vn 0.72094 -0.60652 -0.33523
vn 0.98894 -0.14825 -0.00369
vn 0.8243 0.10166 0.55695
vn 0.92502 -0.17716 -0.33609
vn -0.90523 -0.39628 -0.15337
vn -0.81297 0.1187 0.57008
vn -0.88357 -0.23077 -0.40749
vn 0.27456 -0.01273 0.96149
vn 0.80932 0.12382 0.57417
vn -0.40919 -0.51787 -0.75125
vn 0.52427 -0.49899 -0.69003
vn -0.79684 -0.13652 0.58857
vn 0.81912 -0.00914 0.57355
vn -0.91476 -0.06184 -0.39923
vn 0.65961 0.01364 0.75149
vn -0.95577 0.10632 0.27423
vn -0.45948 -0.28413 -0.84152
vn 0.6772 -0.24749 -0.69292
vn 0.52999 -0.51147 0.6764
vn -0.77848 -0.62014 0.09699
vn -0.89756 -0.03103 -0.4398
vn -0.50371 -0.18095 -0.84471
vn 0.56463 -0.1362 -0.81403
vn -0.53419 -0.21208 0.81833
vn -0.94346 0.26501 0.19914
vn -0.58678 0.20189 0.78417
vn -0.99374 0.0205 -0.10978
vn 0.34738 0.05055 0.93636
vn -0.91563 -0.32725 0.23352
vn 0.7839 -0.24497 0.57052
vn -0.38776 -0.73071 0.56187
vn -0.5563 -0.24384 0.7944
vn -0.70529 0.14607 -0.69371
vn -0.90523 -0.39628 0.15337
vn 0.21776 -0.37818 0.89976
vn 0.92502 -0.17716 0.33609
vn -0.88357 -0.23077 0.40749
vn -0.40215 0.04058 -0.91467
vn -0.80932 0.12382 -0.57417
vn -0.79684 -0.13652 -0.58857
vn -0.17834 0.13699 -0.97439
vn 0.27456 -0.01273 -0.96149
vn 0.8243 0.10166 -0.55695
vn 0.72094 -0.60652 0.33523
vn -0.91476 -0.06184 0.39923
vn -0.40919 -0.51787 0.75125
vn 0.52999 -0.51147 -0.6764
vn -0.77848 -0.62014 -0.09699
vn 0.81297 0.1187 -0.57008
vn 0.81912 -0.00914 -0.57355
vn -0.45948 -0.28413 0.84152
vn -0.95577 0.10632 -0.27423
vn -0.89756 -0.03103 0.4398
vn 0.52427 -0.49899 0.69003
vn 0.65961 0.01364 -0.75149
vn -0.50371 -0.18095 0.84471
vn 0.6772 -0.24749 0.69292
vn 0.56463 -0.1362 0.81403
vn 0.53419 -0.21208 0.81833
vn 0.58678 0.20189 0.78417
vn 0.94346 0.26501 0.19914
vn -0.34738 0.05055 0.93636
vn 0.99374 0.0205 -0.10978
vn -0.7839 -0.24497 0.57052
vn 0.91563 -0.32725 0.23352
vn 0.38776 -0.73071 0.56187
vn 0.5563 -0.24384 0.7944
vn -0.21777 -0.37818 0.89976
vn 0.40215 0.04058 -0.91467
vn 0.70529 0.14607 -0.69371
vn 0.17834 0.13699 -0.97439
vn -0.72094 -0.60652 0.33523
vn -0.8243 0.10166 -0.55695
vn -0.92502 -0.17716 0.33609
vn 0.90523 -0.39628 0.15337
vn 0.81297 0.1187 -0.57008
vn 0.88357 -0.23077 0.40749
vn -0.27456 -0.01273 -0.96149
vn -0.80932 0.12382 -0.57417
vn 0.40919 -0.51787 0.75125
vn -0.52427 -0.49899 0.69003
vn 0.79684 -0.13652 -0.58856
vn -0.81912 -0.00914 -0.57355
vn 0.91476 -0.06184 0.39923
vn -0.65961 0.01364 -0.75149
vn 0.95577 0.10632 -0.27423
vn 0.45948 -0.28413 0.84152
vn -0.6772 -0.24749 0.69292
vn -0.52999 -0.51147 -0.6764
vn 0.77848 -0.62014 -0.09699
vn 0.89756 -0.03103 0.4398
vn 0.50371 -0.18095 0.84471
vn -0.56463 -0.1362 0.81403
vn -0.83717 -0.20968 -0.50516
vn -0.26257 0.26026 -0.92915
vn -0.84541 0.17185 -0.50572
vn 0.17695 0.00572 -0.9842
vn -0.94729 0.04953 0.31653
vn -0.09381 -0.26241 -0.96038
vn -0.86475 -0.22504 0.44896
vn -0.53474 -0.62835 -0.56501
vn -0.85894 -0.19949 -0.47162
vn 0.7776 0.12831 -0.61553
vn -0.20483 -0.39795 -0.89425
vn -0.24711 -0.1084 0.9629
vn -0.92519 -0.3119 0.21619
vn -0.39933 -0.16963 0.90098
vn -0.25134 -0.11227 -0.96136
vn 0.9196 0.02826 -0.39183
vn 0.65738 0.10826 -0.74574
vn 0.64172 -0.1353 -0.75491
vn 0.97811 0.10621 -0.17896
vn 0.96687 -0.01305 0.25493
vn 0.40767 0.12186 0.90496
vn -0.60536 -0.55369 0.57181
vn -0.3653 0.01467 -0.93077
vn -0.7768 -0.39633 -0.48938
vn 0.63164 -0.49528 0.59643
vn 0.0504 -0.62838 -0.77627
vn 0.40069 0.06593 0.91384
vn 0.48259 -0.08903 0.87131
vn -0.89118 -0.17808 -0.41724
vn 0.3574 0.14948 -0.92191
vn -0.51072 0.09041 -0.85498
vn -0.7694 -0.46373 0.43929
vn 0.74194 -0.05214 0.66844
vn -0.894 -0.07965 -0.44094
vn -0.73057 -0.25306 0.63422
vn -0.78608 -0.17538 0.59272
vn 0.83717 -0.20968 -0.50516
vn 0.84541 0.17185 -0.50572
vn 0.26257 0.26026 -0.92915
vn 0.94729 0.04953 0.31653
vn -0.17695 0.00572 -0.9842
vn 0.86323 -0.25413 0.43617
vn 0.09381 -0.26241 -0.96038
vn 0.53474 -0.62835 -0.56501
vn 0.85894 -0.19949 -0.47162
vn 0.92519 -0.3119 0.21619
vn -0.9077 0.0335 -0.41827
vn -0.7776 0.12832 -0.61553
vn -0.97623 0.09578 -0.19441
vn 0.6283 -0.55017 0.55004
vn 0.24711 -0.1084 0.9629
vn -0.40693 0.07826 0.9101
vn 0.39933 -0.16963 0.90098
vn 0.20483 -0.39795 -0.89425
vn -0.65738 0.10826 -0.74574
vn 0.25134 -0.11227 -0.96136
vn -0.96687 -0.01305 0.25493
vn 0.7768 -0.39633 -0.48938
vn 0.7694 -0.46373 0.43929
vn -0.64172 -0.1353 -0.75491
vn -0.48441 -0.07127 0.87193
vn 0.3653 0.01467 -0.93077
vn -0.74194 -0.05214 0.66844
vn -0.3574 0.14948 -0.92191
vn 0.89118 -0.17808 -0.41724
vn 0.73057 -0.25306 0.63422
vn -0.63164 -0.49528 0.59643
vn -0.0504 -0.62838 -0.77627
vn 0.51072 0.09041 -0.85498
vn 0.894 -0.07965 -0.44094
vn 0.78608 -0.17538 0.59272
vn 0.35509 -0.61592 -0.70325
vn 0.78608 -0.17538 -0.59272
vn -0.14294 -0.24777 -0.95822
vn -0.07145 -0.51485 -0.8543
vn 0.77447 -0.53939 0.33055
vn 0.62556 -0.16701 0.76209
vn 0.96671 -0.21208 -0.14315
vn 0.8817 -0.46549 -0.07702
vn -0.77447 -0.53939 0.33055
vn -0.96671 -0.21208 -0.14315
vn -0.62556 -0.16701 0.76209
vn -0.8817 -0.46549 -0.07702
vn -0.35509 -0.61592 -0.70325
vn 0.14294 -0.24777 -0.95822
vn -0.78608 -0.17538 -0.59272
vn 0.07145 -0.51485 -0.8543
vn -0.35509 -0.61592 0.70325
vn 0.14294 -0.24777 0.95822
vn 0.07145 -0.51485 0.8543
vn 0.35509 -0.61592 0.70325
vn -0.14294 -0.24777 0.95822
vn -0.07145 -0.51485 0.8543
vn -0.77447 -0.53939 -0.33055
vn -0.62556 -0.16701 -0.76209
vn -0.96671 -0.21208 0.14315
vn -0.8817 -0.46549 0.07701
vn 0.77447 -0.53939 -0.33055
vn 0.96671 -0.21208 0.14315
vn 0.62556 -0.16701 -0.76209
vn 0.8817 -0.46549 0.07702
vt 0.06559 0.75145
vt 0.05923 0.79167
vt 0.07175 0.79472
vt 0.0499 0.75145
vt 0.0912 0.79875
vt 0.08836 0.71367
vt 0.08414 0.75146
vt 0.12027 0.71236
vt 0.08154 0.88138
vt 0.04813 0.79671
vt 0.06611 0.89259
vt 0.11383 0.79822
vt 0.09646 0.87245
vt 0.11083 0.86421
vt 0.14398 0.6647
vt 0.0432 0.71073
vt 0.04718 0.65962
vt 0.04814 0.90338
vt 0.04083 0.75145
vt 0.03477 0.80355
vt 0.09395 0.75146
vt 0.13398 0.72276
vt 0.1791 0.60516
vt 0.16761 0.66582
vt 0.02579 0.92804
vt 0.04696 0.92406
vt 0.02807 0.71312
vt 0.03407 0.66459
vt 0.19983 0.60546
vt 0.05578 0.49725
vt 0.19985 0.49725
vt 0.18595 0.67297
vt 0.00221 0.8687
vt 0.01956 0.74842
vt 0.00719 0.79694
vt 0.04807 0.4972
vt 0.21639 0.49725
vt 0.21453 0.61024
vt 0.22324 0.49725
vt 0.82408 0.75145
vt 0.81792 0.79472
vt 0.83045 0.79167
vt 0.79848 0.79875
vt 0.83977 0.75145
vt 0.80553 0.75146
vt 0.80131 0.71367
vt 0.76941 0.71236
vt 0.80814 0.88138
vt 0.79321 0.87245
vt 0.84648 0.71073
vt 0.84155 0.79671
vt 0.84885 0.75145
vt 0.75569 0.72276
vt 0.77584 0.79822
vt 0.79573 0.75146
vt 0.77885 0.86421
vt 0.82356 0.89259
vt 0.84249 0.65962
vt 0.74569 0.6647
vt 0.85491 0.80355
vt 0.8616 0.71312
vt 0.87011 0.74842
vt 0.72207 0.66582
vt 0.70372 0.67297
vt 0.84153 0.90338
vt 0.8556 0.66459
vt 0.71058 0.60516
vt 0.84161 0.4972
vt 0.8339 0.49725
vt 0.88249 0.79694
vt 0.68985 0.60546
vt 0.67515 0.61024
vt 0.86389 0.92804
vt 0.84272 0.92406
vt 0.68983 0.49725
vt 0.88747 0.8687
vt 0.67329 0.49725
vt 0.66644 0.49725
vt 0.24084 0.60338
vt 0.24022 0.62234
vt 0.25559 0.60294
vt 0.22103 0.61489
vt 0.26265 0.58025
vt 0.22491 0.59417
vt 0.2456 0.58501
vt 0.25535 0.63804
vt 0.22085 0.63818
vt 0.27581 0.58274
vt 0.22511 0.66205
vt 0.28488 0.65107
vt 0.64622 0.60338
vt 0.63147 0.60294
vt 0.64684 0.62234
vt 0.62441 0.58025
vt 0.66603 0.61489
vt 0.64146 0.58501
vt 0.66214 0.59417
vt 0.63171 0.63804
vt 0.61125 0.58274
vt 0.66621 0.63818
vt 0.60218 0.65107
vt 0.66195 0.66205
vt 0.43158 0.6657
vt 0.31945 0.6657
vt 0.36754 0.71459
vt 0.28738 0.60394
vt 0.43156 0.71458
vt 0.43592 0.49728
vt 0.42393 0.74418
vt 0.26439 0.49728
vt 0.43175 0.74423
vt 0.44474 0.6657
vt 0.50878 0.71459
vt 0.55688 0.6657
vt 0.44476 0.71458
vt 0.58894 0.60394
vt 0.4404 0.49728
vt 0.4524 0.74418
vt 0.44458 0.74423
vt 0.61193 0.49728
usemtl mat0
f 958/464/310 959/465/311 960/466/312
f 958/464/310 961/467/313 959/465/311
f 958/464/310 960/466/312 962/468/314
f 958/464/310 963/469/315 961/467/313
f 958/464/310 962/468/314 964/470/316
f 958/464/310 965/471/317 963/469/315
f 958/464/310 964/470/316 965/471/317
f 959/465/311 966/472/318 960/466/312
f 959/465/311 961/467/313 967/473/319
f 959/465/311 968/474/320 966/472/318
f 959/465/311 967/473/319 968/474/320
f 962/468/314 969/475/321 964/470/316
f 962/468/314 960/466/312 970/476/322
f 962/468/314 971/477/323 969/475/321
f 962/468/314 970/476/322 971/477/323
f 970/476/322 960/466/312 966/472/318
f 963/469/315 965/471/317 972/478/324
f 963/469/315 973/479/325 961/467/313
f 963/469/315 972/478/324 974/480/326
f 963/469/315 974/480/326 973/479/325
f 967/473/319 975/481/327 968/474/320
f 967/473/319 961/467/313 976/482/328
f 967/473/319 977/483/329 975/481/327
f 967/473/319 976/482/328 977/483/329
f 961/467/313 973/479/325 976/482/328
f 964/470/316 969/475/321 978/484/330
f 964/470/316 979/485/331 965/471/317
f 972/478/324 980/486/332 974/480/326
f 972/478/324 965/471/317 981/487/333
f 972/478/324 981/487/333 980/486/332
f 965/471/317 979/485/331 981/487/333
f 975/481/327 977/483/329 982/488/334
f 975/481/327 982/488/334 983/489/335
f 973/479/325 984/490/336 976/482/328
f 973/479/325 974/480/326 985/491/337
f 973/479/325 985/491/337 984/490/336
f 980/486/332 981/487/333 986/492/338
f 980/486/332 987/493/339 974/480/326
f 980/486/332 986/492/338 988/494/340
f 980/486/332 988/494/340 987/493/339
f 979/485/331 989/495/341 981/487/333
f 981/487/333 989/495/341 986/492/338
f 977/483/329 990/496/323 982/488/334
f 977/483/329 976/482/328 991/497/330
f 977/483/329 992/498/321 990/496/323
f 977/483/329 991/497/330 992/498/321
f 991/497/330 976/482/328 984/490/336
f 985/491/337 974/480/326 993/499/342
f 993/499/342 974/480/326 987/493/339
f 988/494/340 986/492/338 994/500/343
f 989/495/341 995/501/344 986/492/338
f 986/492/338 995/501/344 994/500/343
f 995/501/344 996/502/345 994/500/343
f 997/464/346 998/465/347 999/466/348
f 997/464/346 1000/467/349 998/465/347
f 997/464/346 999/466/348 1001/468/350
f 997/464/346 1002/469/351 1000/467/349
f 997/464/346 1001/468/350 1003/470/352
f 997/464/346 1004/471/353 1002/469/351
f 997/464/346 1003/470/352 1004/471/353
f 998/465/347 1005/472/354 999/466/348
f 998/465/347 1000/467/349 1006/473/355
f 998/465/347 1007/474/356 1005/472/354
f 998/465/347 1006/473/355 1007/474/356
f 1001/468/350 1008/475/357 1003/470/352
f 1001/468/350 999/466/348 1009/476/358
f 1001/468/350 1010/477/359 1008/475/357
f 1001/468/350 1009/476/358 1010/477/359
f 1009/476/358 999/466/348 1005/472/354
f 1002/469/351 1004/471/353 1011/478/360
f 1002/469/351 1012/479/361 1000/467/349
f 1002/469/351 1011/478/360 1013/480/362
f 1002/469/351 1013/480/362 1012/479/361
f 1006/473/355 1014/481/363 1007/474/356
f 1006/473/355 1000/467/349 1015/482/364
f 1006/473/355 1016/483/365 1014/481/363
f 1006/473/355 1015/482/364 1016/483/365
f 1000/467/349 1012/479/361 1015/482/364
f 1003/470/352 1008/475/357 1017/484/366
f 1003/470/352 1018/485/367 1004/471/353
f 1011/478/360 1019/486/368 1013/480/362
f 1011/478/360 1004/471/353 1020/487/369
f 1011/478/360 1020/487/369 1019/486/368
f 1004/471/353 1018/485/367 1020/487/369
f 1014/481/363 1016/483/365 1021/488/370
f 1014/481/363 1021/488/370 1022/489/371
f 1012/479/361 1023/490/372 1015/482/364
f 1012/479/361 1013/480/362 1024/491/373
f 1012/479/361 1024/491/373 1023/490/372
f 1019/486/368 1020/487/369 1025/492/374
f 1019/486/368 1026/493/375 1013/480/362
f 1019/486/368 1025/492/374 1027/494/376
f 1019/486/368 1027/494/376 1026/493/375
f 1018/485/367 1028/495/377 1020/487/369
f 1020/487/369 1028/495/377 1025/492/374
f 1016/483/365 1029/496/359 1021/488/370
f 1016/483/365 1015/482/364 1030/497/366
f 1016/483/365 1031/498/357 1029/496/359
f 1016/483/365 1030/497/366 1031/498/357
f 1030/497/366 1015/482/364 1023/490/372
f 1024/491/373 1013/480/362 1032/499/378
f 1032/499/378 1013/480/362 1026/493/375
f 1027/494/376 1025/492/374 1033/500/379
f 1028/495/377 1034/501/380 1025/492/374
f 1025/492/374 1034/501/380 1033/500/379
f 1034/501/380 1035/502/381 1033/500/379
f 1036/503/382 1037/504/383 1038/505/384
f 1036/503/382 1039/506/385 1037/504/383
f 1036/503/382 1038/505/384 1040/507/386
f 1036/503/382 1041/508/387 1039/506/385
f 1036/503/382 1040/507/386 1042/509/388
f 1036/503/382 1043/510/389 1041/508/387
f 1036/503/382 1042/509/388 1043/510/389
f 1037/504/383 1044/511/390 1038/505/384
f 1037/504/383 1039/506/385 1045/512/391
f 1037/504/383 1045/512/391 1044/511/390
f 1040/507/386 1046/513/392 1042/509/388
f 1040/507/386 1038/505/384 1047/514/393
f 1040/507/386 1048/515/394 1046/513/392
f 1040/507/386 1047/514/393 1048/515/394
f 1041/508/387 1043/510/389 1049/516/395
f 1041/508/387 1050/517/396 1039/506/385
f 1041/508/387 1051/518/397 1050/517/396
f 1045/512/391 1039/506/385 1052/519/398
f 1052/519/398 1039/506/385 1050/517/396
f 1044/511/390 1053/520/399 1038/505/384
f 1038/505/384 1053/520/399 1047/514/393
f 1042/509/388 1046/513/392 1054/521/400
f 1042/509/388 1055/522/401 1043/510/389
f 1042/509/388 1054/521/400 1055/522/401
f 1048/515/394 1047/514/393 1056/523/402
f 1048/515/394 1057/524/403 1046/513/392
f 1048/515/394 1056/523/402 1058/525/397
f 1048/515/394 1058/525/397 1057/524/403
f 1049/516/395 1043/510/389 1059/526/404
f 1049/516/395 1059/526/404 1060/527/405
f 1043/510/389 1055/522/401 1059/526/404
f 1053/520/399 1061/528/406 1047/514/393
f 1047/514/393 1061/528/406 1056/523/402
f 1054/521/400 1046/513/392 1062/529/407
f 1054/521/400 1063/530/408 1055/522/401
f 1054/521/400 1062/529/407 1064/531/409
f 1054/521/400 1065/532/410 1063/530/408
f 1054/521/400 1064/531/409 1065/532/410
f 1062/529/407 1046/513/392 1057/524/403
f 1055/522/401 1063/530/408 1059/526/404
f 1058/525/397 1056/523/402 1066/533/396
f 1060/527/405 1059/526/404 1067/534/411
f 1060/527/405 1067/534/411 1068/535/412
f 1059/526/404 1063/530/408 1067/534/411
f 1061/528/406 1069/536/413 1056/523/402
f 1061/528/406 1070/537/414 1069/536/413
f 1065/532/410 1071/538/415 1063/530/408
f 1063/530/408 1071/538/415 1067/534/411
f 1066/533/396 1056/523/402 1072/539/398
f 1072/539/398 1056/523/402 1069/536/413
f 1068/535/412 1067/534/411 1073/540/416
f 1068/535/412 1073/540/416 1074/541/417
f 1073/540/416 1067/534/411 1071/538/415
f 1075/503/418 1076/504/419 1077/505/420
f 1075/503/418 1078/506/421 1076/504/419
f 1075/503/418 1077/505/420 1079/507/422
f 1075/503/418 1080/508/423 1078/506/421
f 1075/503/418 1079/507/422 1081/509/424
f 1075/503/418 1082/510/425 1080/508/423
f 1075/503/418 1081/509/424 1082/510/425
f 1076/504/419 1083/511/426 1077/505/420
f 1076/504/419 1078/506/421 1084/512/427
f 1076/504/419 1084/512/427 1083/511/426
f 1079/507/422 1085/513/428 1081/509/424
f 1079/507/422 1077/505/420 1086/514/429
f 1079/507/422 1087/515/430 1085/513/428
f 1079/507/422 1086/514/429 1087/515/430
f 1080/508/423 1082/510/425 1088/516/431
f 1080/508/423 1089/517/432 1078/506/421
f 1080/508/423 1090/518/433 1089/517/432
f 1084/512/427 1078/506/421 1091/519/434
f 1091/519/434 1078/506/421 1089/517/432
f 1083/511/426 1092/520/435 1077/505/420
f 1077/505/420 1092/520/435 1086/514/429
f 1081/509/424 1085/513/428 1093/521/436
f 1081/509/424 1094/522/437 1082/510/425
f 1081/509/424 1093/521/436 1094/522/437
f 1087/515/430 1086/514/429 1095/523/438
f 1087/515/430 1096/524/439 1085/513/428
f 1087/515/430 1095/523/438 1097/525/433
f 1087/515/430 1097/525/433 1096/524/439
f 1088/516/431 1082/510/425 1098/526/440
f 1088/516/431 1098/526/440 1099/527/441
f 1082/510/425 1094/522/437 1098/526/440
f 1092/520/435 1100/528/442 1086/514/429
f 1086/514/429 1100/528/442 1095/523/438
f 1093/521/436 1085/513/428 1101/529/443
f 1093/521/436 1102/530/444 1094/522/437
f 1093/521/436 1101/529/443 1103/531/445
f 1093/521/436 1104/532/446 1102/530/444
f 1093/521/436 1103/531/445 1104/532/446
f 1101/529/443 1085/513/428 1096/524/439
f 1094/522/437 1102/530/444 1098/526/440
f 1097/525/433 1095/523/438 1105/533/432
f 1099/527/441 1098/526/440 1106/534/447
f 1099/527/441 1106/534/447 1107/535/448
f 1098/526/440 1102/530/444 1106/534/447
f 1100/528/442 1108/536/449 1095/523/438
f 1100/528/442 1109/537/450 1108/536/449
f 1104/532/446 1110/538/451 1102/530/444
f 1102/530/444 1110/538/451 1106/534/447
f 1105/533/432 1095/523/438 1111/539/434
f 1111/539/434 1095/523/438 1108/536/449
f 1107/535/448 1106/534/447 1112/540/452
f 1107/535/448 1112/540/452 1113/541/453
f 1112/540/452 1106/534/447 1110/538/451
f 1114/464/454 1115/465/455 1116/466/456
f 1114/464/454 1117/467/457 1115/465/455
f 1114/464/454 1116/466/456 1118/468/458
f 1114/464/454 1119/469/459 1117/467/457
f 1114/464/454 1118/468/458 1120/470/460
f 1114/464/454 1121/471/461 1119/469/459
f 1114/464/454 1120/470/460 1121/471/461
f 1115/465/455 1122/472/462 1116/466/456
f 1115/465/455 1117/467/457 1123/473/463
f 1115/465/455 1124/474/464 1122/472/462
f 1115/465/455 1123/473/463 1124/474/464
f 1118/468/458 1125/475/432 1120/470/460
f 1118/468/458 1116/466/456 1126/476/465
f 1118/468/458 1127/477/466 1125/475/432
f 1118/468/458 1126/476/465 1127/477/466
f 1126/476/465 1116/466/456 1122/472/462
f 1119/469/459 1121/471/461 1128/478/467
f 1119/469/459 1129/479/468 1117/467/457
f 1119/469/459 1128/478/467 1130/480/469
f 1119/469/459 1130/480/469 1129/479/468
f 1123/473/463 1131/481/470 1124/474/464
f 1123/473/463 1117/467/457 1132/482/471
f 1123/473/463 1133/483/472 1131/481/470
f 1123/473/463 1132/482/471 1133/483/472
f 1117/467/457 1129/479/468 1132/482/471
f 1120/470/460 1125/475/432 1134/484/473
f 1120/470/460 1135/485/474 1121/471/461
f 1128/478/467 1136/486/475 1130/480/469
f 1128/478/467 1121/471/461 1137/487/476
f 1128/478/467 1137/487/476 1136/486/475
f 1121/471/461 1135/485/474 1137/487/476
f 1131/481/470 1133/483/472 1138/488/477
f 1131/481/470 1138/488/477 1139/489/478
f 1129/479/468 1140/490/479 1132/482/471
f 1129/479/468 1130/480/469 1141/491/480
f 1129/479/468 1141/491/480 1140/490/479
f 1136/486/475 1137/487/476 1142/492/481
f 1136/486/475 1143/493/482 1130/480/469
f 1136/486/475 1142/492/481 1144/494/483
f 1136/486/475 1144/494/483 1143/493/482
f 1135/485/474 1145/495/484 1137/487/476
f 1137/487/476 1145/495/484 1142/492/481
f 1133/483/472 1146/496/466 1138/488/477
f 1133/483/472 1132/482/471 1147/497/473
f 1133/483/472 1148/498/432 1146/496/466
f 1133/483/472 1147/497/473 1148/498/432
f 1147/497/473 1132/482/471 1140/490/479
f 1141/491/480 1130/480/469 1149/499/485
f 1149/499/485 1130/480/469 1143/493/482
f 1144/494/483 1142/492/481 1150/500/486
f 1145/495/484 1151/501/487 1142/492/481
f 1142/492/481 1151/501/487 1150/500/486
f 1151/501/487 1152/502/488 1150/500/486
f 1153/503/489 1154/504/490 1155/505/491
f 1153/503/489 1156/506/492 1154/504/490
f 1153/503/489 1155/505/491 1157/507/493
f 1153/503/489 1158/508/494 1156/506/492
f 1153/503/489 1157/507/493 1159/509/495
f 1153/503/489 1160/510/496 1158/508/494
f 1153/503/489 1159/509/495 1160/510/496
f 1154/504/490 1161/511/497 1155/505/491
f 1154/504/490 1156/506/492 1162/512/498
f 1154/504/490 1162/512/498 1161/511/497
f 1157/507/493 1163/513/499 1159/509/495
f 1157/507/493 1155/505/491 1164/514/500
f 1157/507/493 1165/515/501 1163/513/499
f 1157/507/493 1164/514/500 1165/515/501
f 1158/508/494 1160/510/496 1166/516/502
f 1158/508/494 1167/517/321 1156/506/492
f 1158/508/494 1168/518/503 1167/517/321
f 1162/512/498 1156/506/492 1169/519/504
f 1169/519/504 1156/506/492 1167/517/321
f 1161/511/497 1170/520/505 1155/505/491
f 1155/505/491 1170/520/505 1164/514/500
f 1159/509/495 1163/513/499 1171/521/506
f 1159/509/495 1172/522/507 1160/510/496
f 1159/509/495 1171/521/506 1172/522/507
f 1165/515/501 1164/514/500 1173/523/508
f 1165/515/501 1174/524/509 1163/513/499
f 1165/515/501 1173/523/508 1175/525/503
f 1165/515/501 1175/525/503 1174/524/509
f 1166/516/502 1160/510/496 1176/526/510
f 1166/516/502 1176/526/510 1177/527/511
f 1160/510/496 1172/522/507 1176/526/510
f 1170/520/505 1178/528/512 1164/514/500
f 1164/514/500 1178/528/512 1173/523/508
f 1171/521/506 1163/513/499 1179/529/513
f 1171/521/506 1180/530/514 1172/522/507
f 1171/521/506 1179/529/513 1181/531/515
f 1171/521/506 1182/532/516 1180/530/514
f 1171/521/506 1181/531/515 1182/532/516
f 1179/529/513 1163/513/499 1174/524/509
f 1172/522/507 1180/530/514 1176/526/510
f 1175/525/503 1173/523/508 1183/533/321
f 1177/527/511 1176/526/510 1184/534/517
f 1177/527/511 1184/534/517 1185/535/518
f 1176/526/510 1180/530/514 1184/534/517
f 1178/528/512 1186/536/519 1173/523/508
f 1178/528/512 1187/537/520 1186/536/519
f 1182/532/516 1188/538/521 1180/530/514
f 1180/530/514 1188/538/521 1184/534/517
f 1183/533/321 1173/523/508 1189/539/504
f 1189/539/504 1173/523/508 1186/536/519
f 1185/535/518 1184/534/517 1190/540/522
f 1185/535/518 1190/540/522 1191/541/523
f 1190/540/522 1184/534/517 1188/538/521
f 1192/464/524 1193/465/525 1194/466/526
f 1192/464/524 1195/467/527 1193/465/525
f 1192/464/524 1194/466/526 1196/468/528
f 1192/464/524 1197/469/529 1195/467/527
f 1192/464/524 1196/468/528 1198/470/530
f 1192/464/524 1199/471/531 1197/469/529
f 1192/464/524 1198/470/530 1199/471/531
f 1193/465/525 1200/472/532 1194/466/526
f 1193/465/525 1195/467/527 1201/473/533
f 1193/465/525 1202/474/534 1200/472/532
f 1193/465/525 1201/473/533 1202/474/534
f 1196/468/528 1203/475/535 1198/470/530
f 1196/468/528 1194/466/526 1204/476/536
f 1196/468/528 1205/477/537 1203/475/535
f 1196/468/528 1204/476/536 1205/477/537
f 1204/476/536 1194/466/526 1200/472/532
f 1197/469/529 1199/471/531 1206/478/538
f 1197/469/529 1207/479/539 1195/467/527
f 1197/469/529 1206/478/538 1208/480/540
f 1197/469/529 1208/480/540 1207/479/539
f 1201/473/533 1209/481/541 1202/474/534
f 1201/473/533 1195/467/527 1210/482/542
f 1201/473/533 1211/483/543 1209/481/541
f 1201/473/533 1210/482/542 1211/483/543
f 1195/467/527 1207/479/539 1210/482/542
f 1198/470/530 1203/475/535 1212/484/544
f 1198/470/530 1213/485/545 1199/471/531
f 1206/478/538 1214/486/546 1208/480/540
f 1206/478/538 1199/471/531 1215/487/547
f 1206/478/538 1215/487/547 1214/486/546
f 1199/471/531 1213/485/545 1215/487/547
f 1209/481/541 1211/483/543 1216/488/548
f 1209/481/541 1216/488/548 1217/489/549
f 1207/479/539 1218/490/550 1210/482/542
f 1207/479/539 1208/480/540 1219/491/551
f 1207/479/539 1219/491/551 1218/490/550
f 1214/486/546 1215/487/547 1220/492/552
f 1214/486/546 1221/493/553 1208/480/540
f 1214/486/546 1220/492/552 1222/494/554
f 1214/486/546 1222/494/554 1221/493/553
f 1213/485/545 1223/495/555 1215/487/547
f 1215/487/547 1223/495/555 1220/492/552
f 1211/483/543 1224/496/537 1216/488/548
f 1211/483/543 1210/482/542 1225/497/544
f 1211/483/543 1226/498/535 1224/496/537
f 1211/483/543 1225/497/544 1226/498/535
f 1225/497/544 1210/482/542 1218/490/550
f 1219/491/551 1208/480/540 1227/499/556
f 1227/499/556 1208/480/540 1221/493/553
f 1222/494/554 1220/492/552 1228/500/557
f 1223/495/555 1229/501/558 1220/492/552
f 1220/492/552 1229/501/558 1228/500/557
f 1229/501/558 1230/502/559 1228/500/557
f 1231/503/560 1232/504/561 1233/505/562
f 1231/503/560 1234/506/563 1232/504/561
f 1231/503/560 1233/505/562 1235/507/564
f 1231/503/560 1236/508/565 1234/506/563
f 1231/503/560 1235/507/564 1237/509/566
f 1231/503/560 1238/510/567 1236/508/565
f 1231/503/560 1237/509/566 1238/510/567
f 1232/504/561 1239/511/568 1233/505/562
f 1232/504/561 1234/506/563 1240/512/569
f 1232/504/561 1240/512/569 1239/511/568
f 1235/507/564 1241/513/570 1237/509/566
f 1235/507/564 1233/505/562 1242/514/571
f 1235/507/564 1243/515/572 1241/513/570
f 1235/507/564 1242/514/571 1243/515/572
f 1236/508/565 1238/510/567 1244/516/573
f 1236/508/565 1245/517/574 1234/506/563
f 1236/508/565 1246/518/575 1245/517/574
f 1240/512/569 1234/506/563 1247/519/576
f 1247/519/576 1234/506/563 1245/517/574
f 1239/511/568 1248/520/577 1233/505/562
f 1233/505/562 1248/520/577 1242/514/571
f 1237/509/566 1241/513/570 1249/521/578
f 1237/509/566 1250/522/579 1238/510/567
f 1237/509/566 1249/521/578 1250/522/579
f 1243/515/572 1242/514/571 1251/523/580
f 1243/515/572 1252/524/428 1241/513/570
f 1243/515/572 1251/523/580 1253/525/575
f 1243/515/572 1253/525/575 1252/524/428
f 1244/516/573 1238/510/567 1254/526/581
f 1244/516/573 1254/526/581 1255/527/582
f 1238/510/567 1250/522/579 1254/526/581
f 1248/520/577 1256/528/583 1242/514/571
f 1242/514/571 1256/528/583 1251/523/580
f 1249/521/578 1241/513/570 1257/529/584
f 1249/521/578 1258/530/585 1250/522/579
f 1249/521/578 1257/529/584 1259/531/586
f 1249/521/578 1260/532/587 1258/530/585
f 1249/521/578 1259/531/586 1260/532/587
f 1257/529/584 1241/513/570 1252/524/428
f 1250/522/579 1258/530/585 1254/526/581
f 1253/525/575 1251/523/580 1261/533/574
f 1255/527/582 1254/526/581 1262/534/588
f 1255/527/582 1262/534/588 1263/535/589
f 1254/526/581 1258/530/585 1262/534/588
f 1256/528/583 1264/536/590 1251/523/580
f 1256/528/583 1265/537/591 1264/536/590
f 1260/532/587 1266/538/592 1258/530/585
f 1258/530/585 1266/538/592 1262/534/588
f 1261/533/574 1251/523/580 1267/539/576
f 1267/539/576 1251/523/580 1264/536/590
f 1263/535/589 1262/534/588 1268/540/593
f 1263/535/589 1268/540/593 1269/541/594
f 1268/540/593 1262/534/588 1266/538/592
f 1270/542/595 1271/543/596 1272/544/597
f 1270/542/595 1273/545/327 1271/543/596
f 1270/542/595 1272/544/597 1274/546/322
f 1270/542/595 1275/547/320 1273/545/327
f 1270/542/595 1274/546/322 1276/548/318
f 1270/542/595 1276/548/318 1275/547/320
f 1271/543/596 1277/549/598 1272/544/597
f 1271/543/596 1273/545/327 1278/550/335
f 1271/543/596 1278/550/335 1277/549/598
f 1274/546/322 1272/544/597 1279/551/323
f 1272/544/597 1277/549/598 1279/551/323
f 1278/550/335 1280/552/334 1277/549/598
f 1279/551/323 1277/549/598 1281/553/334
f 1282/542/599 1283/543/600 1284/544/601
f 1282/542/599 1285/545/363 1283/543/600
f 1282/542/599 1284/544/601 1286/546/358
f 1282/542/599 1287/547/356 1285/545/363
f 1282/542/599 1286/546/358 1288/548/354
f 1282/542/599 1288/548/354 1287/547/356
f 1283/543/600 1289/549/602 1284/544/601
f 1283/543/600 1285/545/363 1290/550/371
f 1283/543/600 1290/550/371 1289/549/602
f 1286/546/358 1284/544/601 1291/551/359
f 1284/544/601 1289/549/602 1291/551/359
f 1290/550/371 1292/552/370 1289/549/602
f 1291/551/359 1289/549/602 1293/553/370
f 1294/554/603 1295/555/604 1296/556/605
f 1294/554/603 1297/557/391 1295/555/604
f 1294/554/603 1296/556/605 1298/558/406
f 1294/554/603 1299/559/390 1297/557/391
f 1294/554/603 1298/558/406 1300/560/399
f 1294/554/603 1300/560/399 1299/559/390
f 1295/555/604 1301/561/606 1296/556/605
f 1295/555/604 1297/557/391 1302/562/398
f 1295/555/604 1302/562/398 1301/561/606
f 1298/558/406 1296/556/605 1303/563/414
f 1296/556/605 1301/561/606 1303/563/414
f 1302/562/398 1304/564/413 1301/561/606
f 1303/563/414 1301/561/606 1305/565/413
f 1306/554/607 1307/555/608 1308/556/609
f 1306/554/607 1309/557/427 1307/555/608
f 1306/554/607 1308/556/609 1310/558/442
f 1306/554/607 1311/559/426 1309/557/427
f 1306/554/607 1310/558/442 1312/560/435
f 1306/554/607 1312/560/435 1311/559/426
f 1307/555/608 1313/561/610 1308/556/609
f 1307/555/608 1309/557/427 1314/562/434
f 1307/555/608 1314/562/434 1313/561/610
f 1310/558/442 1308/556/609 1315/563/450
f 1308/556/609 1313/561/610 1315/563/450
f 1314/562/434 1316/564/449 1313/561/610
f 1315/563/450 1313/561/610 1317/565/449
f 1318/542/611 1319/543/559 1320/544/612
f 1318/542/611 1321/545/470 1319/543/559
f 1318/542/611 1320/544/612 1322/546/465
f 1318/542/611 1323/547/464 1321/545/470
f 1318/542/611 1322/546/465 1324/548/462
f 1318/542/611 1324/548/462 1323/547/464
f 1319/543/559 1325/549/613 1320/544/612
f 1319/543/559 1321/545/470 1326/550/478
f 1319/543/559 1326/550/478 1325/549/613
f 1322/546/465 1320/544/612 1327/551/466
f 1320/544/612 1325/549/613 1327/551/466
f 1326/550/478 1328/552/477 1325/549/613
f 1327/551/466 1325/549/613 1329/553/477
f 1330/554/614 1331/555/615 1332/556/594
f 1330/554/614 1333/557/498 1331/555/615
f 1330/554/614 1332/556/594 1334/558/512
f 1330/554/614 1335/559/497 1333/557/498
f 1330/554/614 1334/558/512 1336/560/505
f 1330/554/614 1336/560/505 1335/559/497
f 1331/555/615 1337/561/616 1332/556/594
f 1331/555/615 1333/557/498 1338/562/504
f 1331/555/615 1338/562/504 1337/561/616
f 1334/558/512 1332/556/594 1339/563/520
f 1332/556/594 1337/561/616 1339/563/520
f 1338/562/504 1340/564/519 1337/561/616
f 1339/563/520 1337/561/616 1341/565/519
f 1342/542/617 1343/543/618 1344/544/619
f 1342/542/617 1345/545/541 1343/543/618
f 1342/542/617 1344/544/619 1346/546/536
f 1342/542/617 1347/547/534 1345/545/541
f 1342/542/617 1346/546/536 1348/548/532
f 1342/542/617 1348/548/532 1347/547/534
f 1343/543/618 1349/549/620 1344/544/619
f 1343/543/618 1345/545/541 1350/550/549
f 1343/543/618 1350/550/549 1349/549/620
f 1346/546/536 1344/544/619 1351/551/537
f 1344/544/619 1349/549/620 1351/551/537
f 1350/550/549 1352/552/548 1349/549/620
f 1351/551/537 1349/549/620 1353/553/548
f 1354/554/621 1355/555/622 1356/556/623
f 1354/554/621 1357/557/569 1355/555/622
f 1354/554/621 1356/556/623 1358/558/583
f 1354/554/621 1359/559/568 1357/557/569
f 1354/554/621 1358/558/583 1360/560/577
f 1354/554/621 1360/560/577 1359/559/568
f 1355/555/622 1361/561/624 1356/556/623
f 1355/555/622 1357/557/569 1362/562/576
f 1355/555/622 1362/562/576 1361/561/624
f 1358/558/583 1356/556/623 1363/563/591
f 1356/556/623 1361/561/624 1363/563/591
f 1362/562/576 1364/564/590 1361/561/624
f 1363/563/591 1361/561/624 1365/565/590
f 1366/566/337 1367/567/341 1368/568/331
f 1366/566/337 1369/569/344 1367/567/341
f 1366/566/337 1368/568/331 1370/570/336
f 1366/566/337 1371/571/342 1369/569/344
f 1368/568/331 1372/572/316 1370/570/336
f 1371/571/342 1373/573/345 1369/569/344
f 1372/572/316 1374/574/330 1370/570/336
f 1375/566/373 1376/567/377 1377/568/367
f 1375/566/373 1378/569/380 1376/567/377
f 1375/566/373 1377/568/367 1379/570/372
f 1375/566/373 1380/571/378 1378/569/380
f 1377/568/367 1381/572/352 1379/570/372
f 1380/571/378 1382/573/381 1378/569/380
f 1381/572/352 1383/574/366 1379/570/372
f 1384/575/407 1385/576/395 1386/577/405
f 1384/575/407 1387/578/403 1385/576/395
f 1384/575/407 1386/577/405 1388/579/412
f 1384/575/407 1388/579/412 1389/580/409
f 1387/578/403 1390/581/387 1385/576/395
f 1387/578/403 1391/582/397 1390/581/387
f 1388/579/412 1392/583/417 1389/580/409
f 1393/575/443 1394/576/431 1395/577/441
f 1393/575/443 1396/578/439 1394/576/431
f 1393/575/443 1395/577/441 1397/579/448
f 1393/575/443 1397/579/448 1398/580/445
f 1396/578/439 1399/581/423 1394/576/431
f 1396/578/439 1400/582/433 1399/581/423
f 1397/579/448 1401/583/453 1398/580/445
f 1402/566/480 1403/567/484 1404/568/474
f 1402/566/480 1405/569/487 1403/567/484
f 1402/566/480 1404/568/474 1406/570/479
f 1402/566/480 1407/571/485 1405/569/487
f 1404/568/474 1408/572/460 1406/570/479
f 1407/571/485 1409/573/488 1405/569/487
f 1408/572/460 1410/574/473 1406/570/479
f 1411/575/513 1412/576/502 1413/577/511
f 1411/575/513 1414/578/509 1412/576/502
f 1411/575/513 1413/577/511 1415/579/518
f 1411/575/513 1415/579/518 1416/580/515
f 1414/578/509 1417/581/494 1412/576/502
f 1414/578/509 1418/582/503 1417/581/494
f 1415/579/518 1419/583/523 1416/580/515
f 1420/566/551 1421/567/555 1422/568/545
f 1420/566/551 1423/569/558 1421/567/555
f 1420/566/551 1422/568/545 1424/570/550
f 1420/566/551 1425/571/556 1423/569/558
f 1422/568/545 1426/572/530 1424/570/550
f 1425/571/556 1427/573/559 1423/569/558
f 1426/572/530 1428/574/544 1424/570/550
f 1429/575/584 1430/576/573 1431/577/582
f 1429/575/584 1432/578/428 1430/576/573
f 1429/575/584 1431/577/582 1433/579/589
f 1429/575/584 1433/579/589 1434/580/586
f 1432/578/428 1435/581/565 1430/576/573
f 1432/578/428 1436/582/575 1435/581/565
f 1433/579/589 1437/583/594 1434/580/586
# Vertices: 480, normals: 315, texture coordinates: 120, faces: 584

o obj7
v 2.16117001 17.22772978 0.40226091
v -2.16117001 21.55006979 0.4022611
v -2.16117001 17.22772978 0.40226091
v 2.16117001 21.55006979 0.4022611
v -2.16117001 21.55006998 -3.920079
v 2.16117001 21.55006998 -3.920079
v -2.16117001 17.22772997 -3.92007919
v 2.16117001 17.22772997 -3.92007919
v -2.16117001 17.22772978 0.40226091
v 2.16117001 17.22772978 0.40226091
v 2.16117001 17.22772997 -3.92007919
v 2.16117001 21.55006998 -3.920079
v -2.16117001 21.55006998 -3.920079
v -2.16117001 17.22772997 -3.92007919
vn 0 0 1
vn 0 1 0
vn 0 0 -1
vn 0 -1 0
vn 1 0 0
vn -1 0 0
vt 0.41722 0.49446
vt 0.25033 0.32757
vt 0.25033 0.49446
vt 0.41722 0.32757
vt 0.25033 0.16069
vt 0.41722 0.16069
vt 0.25033 -0.0062
vt 0.41722 -0.0062
vt 0.25033 -0.17309
vt 0.41722 -0.17309
vt 0.58411 0.49446
vt 0.58411 0.32757
vt 0.08344 0.32757
vt 0.08344 0.49446
usemtl mat2
f 1438/584/625 1439/585/625 1440/586/625
f 1438/584/625 1441/587/625 1439/585/625
f 1441/587/626 1442/588/626 1439/585/626
f 1441/587/626 1443/589/626 1442/588/626
f 1443/589/627 1444/590/627 1442/588/627
f 1443/589/627 1445/591/627 1444/590/627
f 1445/591/628 1446/592/628 1444/590/628
f 1445/591/628 1447/593/628 1446/592/628
f 1448/594/629 1441/587/629 1438/584/629
f 1448/594/629 1449/595/629 1441/587/629
f 1440/586/630 1450/596/630 1451/597/630
f 1440/586/630 1439/585/630 1450/596/630
# Vertices: 14, normals: 6, texture coordinates: 14, faces: 12

o obj8
v 2.16117001 17.22772978 0.40226091
v -2.16117001 21.55006979 0.4022611
v -2.16117001 17.22772978 0.40226091
v 2.16117001 21.55006979 0.4022611
v -2.16117001 21.55006998 -3.920079
v 2.16117001 21.55006998 -3.920079
v -2.16117001 17.22772997 -3.92007919
v 2.16117001 17.22772997 -3.92007919
v -2.16117001 17.22772978 0.40226091
v 2.16117001 17.22772978 0.40226091
v 2.16117001 17.22772997 -3.92007919
v 2.16117001 21.55006998 -3.920079
v -2.16117001 21.55006998 -3.920079
v -2.16117001 17.22772997 -3.92007919
vn 0 0 1
vn 0 1 0
vn 0 0 -1
vn 0 -1 0
vn 1 0 0
vn -1 0 0
vt 0.41722 0.49446
vt 0.25033 0.32757
vt 0.25033 0.49446
vt 0.41722 0.32757
vt 0.25033 0.16069
vt 0.41722 0.16069
vt 0.25033 -0.0062
vt 0.41722 -0.0062
vt 0.25033 -0.17309
vt 0.41722 -0.17309
vt 0.58411 0.49446
vt 0.58411 0.32757
vt 0.08344 0.32757
vt 0.08344 0.49446
usemtl mat2
f 1452/598/631 1453/599/631 1454/600/631
f 1452/598/631 1455/601/631 1453/599/631
f 1455/601/632 1456/602/632 1453/599/632
f 1455/601/632 1457/603/632 1456/602/632
f 1457/603/633 1458/604/633 1456/602/633
f 1457/603/633 1459/605/633 1458/604/633
f 1459/605/634 1460/606/634 1458/604/634
f 1459/605/634 1461/607/634 1460/606/634
f 1462/608/635 1455/601/635 1452/598/635
f 1462/608/635 1463/609/635 1455/601/635
f 1454/600/636 1464/610/636 1465/611/636
f 1454/600/636 1453/599/636 1464/610/636
# Vertices: 14, normals: 6, texture coordinates: 14, faces: 12

o obj9
v 13.88120079 15.96370044 18.38060067
v 16.01140022 12.38639939 19.0443998
v 15.50010014 11.92679899 17.93310027
v 14.64210033 15.89239895 19.23940156
v 14.04740047 11.25599881 17.22860004
v 14.9975996 18.42349937 15.86610112
v 12.62639999 15.85959926 18.42989991
v 13.45040035 18.38319908 13.92490086
v 16.46719933 4.28338928 17.46200008
v 15.51430035 11.90669927 19.87030081
v 17.36240005 3.60823908 18.52100007
v 12.6626997 11.25599874 18.77470066
v 15.11340046 4.8000891 16.93750021
v 14.4399004 5.271969 18.13559937
v 14.39379978 22.72789907 10.98680119
v 14.4939003 18.68189916 19.82680021
v 14.2157011 23.16540061 19.47740084
v 16.21159935 2.54814919 19.99370014
v 14.30739975 15.74959954 19.92700073
v 14.52190113 11.23770052 20.44700099
v 12.52859974 15.74539959 19.11590073
v 11.73110008 18.34550036 13.48340115
v 13.53279972 27.94350017 7.89839104
v 12.86050034 22.68149906 9.5360413
v 14.52190018 0.2877381 20.68930055
v 16.22100067 0.75662812 20.0002003
v 13.34630013 18.34589875 19.09960064
v 13.16810036 22.63419831 19.10150055
v 12.16059971 27.99649972 6.66759137
v 12.74009991 37.40930094 18.72360202
v 12.74009991 37.40930149 6.08454153
v 11.05910015 22.63419874 9.2643309
v 14.4399004 5.271969 18.13559937
v 12.52859974 15.74539959 19.11590073
v 12.6626997 11.25599874 18.77470066
v 11.81540012 37.40930091 19.48220226
v 11.94219971 37.40930155 4.68704149
v 10.72980022 28.05179949 6.45113114
v 11.37979984 37.40930156 4.43469163
v -11.91530132 15.96370034 20.7792003
v -12.41779995 12.38639922 22.90940148
v -11.57660007 11.9267988 22.39810042
v -12.56540012 15.89239885 21.54010079
v -11.04319954 11.25599865 20.94540073
v -10.01179981 18.4234991 21.89550099
v -11.95259953 15.85959921 19.5244014
v -8.54232025 18.3831988 20.34840092
v -11.21990013 4.28338902 23.36520023
v -13.04300022 11.90669915 22.41230063
v -12.02159977 3.60823883 24.26040093
v -12.21360016 11.25599871 19.56069995
v -10.82289982 4.80008887 22.01129934
v -11.72990036 5.27196886 21.33790039
v -6.31821012 22.72789862 21.29180054
v -13.01010036 18.68189909 21.39189993
v -12.7456007 23.16540054 21.11370188
v -13.13640022 2.54814905 23.10960018
v -13.08590031 15.74959948 21.20540116
v -13.47960091 11.23770048 21.41990329
v -12.47189999 15.74539958 19.42660019
v -8.20808983 18.34550013 18.6291016
v -3.9802599 27.94349963 20.43080071
v -5.21996021 22.68149862 19.75850014
v -13.66300011 0.28773807 21.41990091
v -13.1413002 0.75662798 23.11899951
v -12.45960045 18.3458987 20.24420055
v -12.46100044 22.63419827 20.06600097
v -3.04854989 27.99649918 19.05850151
v -12.17500019 37.4093009 19.63810131
v -2.60718012 37.4093009 19.63810131
v -5.01427984 22.63419836 17.9571009
v -11.72990036 5.27196886 21.33790039
v -12.47189999 15.74539958 19.42660019
v -12.21360016 11.25599871 19.56069995
v -12.74919987 37.40930094 18.71340152
v -1.54927003 37.40930093 18.84020206
v -2.88469005 28.051799 17.62780121
v -1.35824001 37.40930096 18.27770206
v 11.91530132 15.96370034 20.7792003
v 11.57660007 11.9267988 22.39810042
v 12.41779995 12.38639922 22.90940148
v 11.04329967 11.25599865 20.94540073
v 12.56540012 15.89239885 21.54010079
v 11.95259953 15.85959921 19.5244014
v 10.01179981 18.4234991 21.89550099
v 8.54232025 18.3831988 20.34840092
v 11.21990013 4.28338902 23.36520023
v 10.82289982 4.80008887 22.01129934
v 13.01010036 18.68189909 21.39189993
v 13.04300022 11.90669915 22.41230063
v 13.08590031 15.74959948 21.20540116
v 8.20808983 18.34550013 18.6291016
v 12.21360016 11.25599871 19.56069995
v 12.47189999 15.74539958 19.42660019
v 11.72990036 5.27196886 21.33790039
v 12.02159977 3.60823883 24.26040093
v 12.7456007 23.16540054 21.11370188
v 6.31821012 22.72789862 21.29180054
v 13.47960091 11.23770048 21.41990329
v 12.45960045 18.3458987 20.24420055
v 12.47189999 15.74539958 19.42660019
v 5.21997023 22.68149862 19.75850014
v 5.01427984 22.63419836 17.9571009
v 13.13640022 2.54814905 23.10960018
v 12.46100044 22.63419827 20.06600097
v 3.9802599 27.94349963 20.43080071
v 12.74919987 37.40930094 18.71340152
v 12.17500019 37.4093009 19.63810131
v 12.21360016 11.25599871 19.56069995
v 3.04854989 27.99649918 19.05850151
v 2.88469005 28.051799 17.62780121
v 13.66300011 0.28773807 21.41990091
v 13.1413002 0.75662798 23.11899951
v 2.60718012 37.4093009 19.63810131
v 11.72990036 5.27196886 21.33790039
v 1.54927003 37.40930093 18.84020206
v 1.35824001 37.40930096 18.27770206
v -13.88120079 15.96370044 18.38060067
v -15.50010014 11.92679899 17.93310027
v -16.01140022 12.38639939 19.0443998
v -14.04740047 11.25599881 17.22860004
v -14.64210033 15.89239895 19.23940156
v -12.62639999 15.85959926 18.42989991
v -14.9975996 18.42349937 15.86610112
v -13.45040035 18.38319908 13.92490086
v -16.46719933 4.28338928 17.46200008
v -15.11340046 4.8000891 16.93750021
v -14.4939003 18.68189916 19.82680021
v -15.51430035 11.90669927 19.87030081
v -14.30739975 15.74959954 19.92700073
v -11.73110008 18.34550036 13.48340115
v -12.6626997 11.25599874 18.77470066
v -12.52859974 15.74539959 19.11590073
v -14.4399004 5.271969 18.13559937
v -17.36240005 3.60823908 18.52100007
v -14.2157011 23.16540061 19.47740084
v -14.39379978 22.72789907 10.98680119
v -14.52190113 11.23770052 20.44700099
v -13.34630013 18.34589875 19.09960064
v -12.52859974 15.74539959 19.11590073
v -12.86050034 22.68149906 9.5360413
v -11.05910015 22.63419874 9.2643309
v -16.21159935 2.54814919 19.99370014
v -13.16810036 22.63419831 19.10150055
v -13.53279972 27.94350017 7.89839104
v -11.81540012 37.40930091 19.48220226
v -12.74009991 37.40930094 18.72360202
v -12.6626997 11.25599874 18.77470066
v -12.16059971 27.99649972 6.66759137
v -10.72980022 28.05179949 6.45113114
v -14.52190018 0.2877381 20.68930055
v -16.22100067 0.75662812 20.0002003
v -12.74009991 37.40930149 6.08454153
v -14.4399004 5.271969 18.13559937
v -11.94219971 37.40930155 4.68704149
v -11.37979984 37.40930156 4.43469163
v -13.88120079 15.96370205 -18.38059928
v -16.01140022 12.38640106 -19.04439872
v -15.50010014 11.92680056 -17.93309923
v -14.64210033 15.89240063 -19.23940017
v -14.04740047 11.25600032 -17.22859906
v -14.9975996 18.42350075 -15.86609951
v -12.62639999 15.85960087 -18.42989852
v -13.45040035 18.3832003 -13.92489925
v -16.46719933 4.28339081 -17.46199971
v -15.51430035 11.906701 -19.87029977
v -17.36240005 3.6082407 -18.52099975
v -12.6626997 11.25600039 -18.77469967
v -15.11340046 4.80009058 -16.93749979
v -14.4399004 5.27197059 -18.13559891
v -14.39379978 22.72790003 -10.9867992
v -14.4939003 18.68190089 -19.82679858
v -14.2157011 23.16540231 -19.47739881
v -16.21159935 2.54815094 -19.99369992
v -14.30739975 15.74960128 -19.92699936
v -14.52190113 11.23770231 -20.44700001
v -12.52859974 15.74540126 -19.11589935
v -11.73110008 18.34550154 -13.48339954
v -13.53279972 27.94350086 -7.89838859
v -12.86050034 22.6814999 -9.53603931
v -14.52190018 0.28773991 -20.68930052
v -16.22100067 0.75662986 -20.00020024
v -13.34630013 18.34590042 -19.09959904
v -13.16810036 22.63419998 -19.10149857
v -12.16059971 27.99650031 -6.66758892
v -12.74009991 37.40930258 -18.72359875
v -12.74009991 37.40930202 -6.08453826
v -11.05910015 22.63419955 -9.26432892
v -14.4399004 5.27197059 -18.13559891
v -12.52859974 15.74540126 -19.11589935
v -12.6626997 11.25600039 -18.77469967
v -11.81540012 37.40930261 -19.48219899
v -11.94219971 37.40930196 -4.68703822
v -10.72980022 28.05180006 -6.45112869
v -11.37979984 37.40930195 -4.43468836
v 13.88120079 15.96370205 -18.38059928
v 15.50010014 11.92680056 -17.93309923
v 16.01140022 12.38640106 -19.04439872
v 14.04740047 11.25600032 -17.22859906
v 14.64210033 15.89240063 -19.23940017
v 12.62639999 15.85960087 -18.42989852
v 14.9975996 18.42350075 -15.86609951
v 13.45040035 18.3832003 -13.92489925
v 16.46719933 4.28339081 -17.46199971
v 15.11340046 4.80009058 -16.93749979
v 14.4939003 18.68190089 -19.82679858
v 15.51430035 11.906701 -19.87029977
v 14.30739975 15.74960128 -19.92699936
v 11.73110008 18.34550154 -13.48339954
v 12.6626997 11.25600039 -18.77469967
v 12.52859974 15.74540126 -19.11589935
v 14.4399004 5.27197059 -18.13559891
v 17.36240005 3.6082407 -18.52099975
v 14.2157011 23.16540231 -19.47739881
v 14.39379978 22.72790003 -10.9867992
v 14.52190113 11.23770231 -20.44700001
v 13.34630013 18.34590042 -19.09959904
v 12.52859974 15.74540126 -19.11589935
v 12.86050034 22.6814999 -9.53603931
v 11.05910015 22.63419955 -9.26432892
v 16.21159935 2.54815094 -19.99369992
v 13.16810036 22.63419998 -19.10149857
v 13.53279972 27.94350086 -7.89838859
v 11.81540012 37.40930261 -19.48219899
v 12.74009991 37.40930258 -18.72359875
v 12.6626997 11.25600039 -18.77469967
v 12.16059971 27.99650031 -6.66758892
v 10.72980022 28.05180006 -6.45112869
v 14.52190018 0.28773991 -20.68930052
v 16.22100067 0.75662986 -20.00020024
v 12.74009991 37.40930202 -6.08453826
v 14.4399004 5.27197059 -18.13559891
v 11.94219971 37.40930196 -4.68703822
v 11.37979984 37.40930195 -4.43468836
v 11.91530132 15.96370216 -20.7791989
v 12.41779995 12.38640122 -22.9094004
v 11.57660007 11.92680075 -22.39809938
v 12.56540012 15.89240073 -21.5400994
v 11.04329967 11.25600048 -20.94539975
v 10.01179981 18.42350103 -22.20639911
v 11.95259953 15.85960095 -20.2956002
v 8.54232025 18.38320064 -21.67139927
v 11.21990013 4.28339107 -23.36519986
v 13.04300022 11.90670111 -22.41229959
v 12.02159977 3.60824095 -24.26040061
v 12.21360016 11.25600042 -19.56069897
v 10.82289982 4.8000908 -22.01129892
v 11.72990036 5.27197073 -21.33789993
v 6.31821012 22.72790052 -22.1548986
v 13.01010036 18.68190096 -21.39189829
v 12.7456007 23.16540238 -21.11369985
v 13.13640022 2.54815107 -23.10959996
v 13.08590031 15.74960134 -21.20539978
v 13.47960091 11.23770235 -21.41990231
v 12.47189999 15.74540128 -19.42659881
v 8.20808983 18.34550186 -20.84209934
v 3.9802599 27.94350147 -21.65549919
v 5.21996021 22.68150041 -21.33939835
v 13.66300011 0.28773994 -21.41990088
v 13.1413002 0.75663 -23.11899945
v 12.45960045 18.34590047 -20.24419895
v 12.46100044 22.63420002 -20.065999
v 3.04854989 27.99650091 -20.3693988
v 12.17500019 37.40930262 -19.63809804
v 2.60718012 37.40930262 -19.63809804
v 5.01427984 22.63420002 -20.13289925
v 11.72990036 5.27197073 -21.33789993
v 12.47189999 15.74540128 -19.42659881
v 12.21360016 11.25600042 -19.56069897
v 12.74919987 37.40930258 -18.71339825
v 1.54927003 37.40930258 -18.84019879
v 2.88469005 28.05180061 -19.1682994
v 1.35824001 37.40930256 -18.27769879
v -11.91530132 15.96370216 -20.7791989
v -11.57660007 11.92680075 -22.39809938
v -12.41779995 12.38640122 -22.9094004
v -11.04319954 11.25600048 -20.94539975
v -12.56540012 15.89240073 -21.5400994
v -11.95259953 15.85960095 -20.2956002
v -10.01179981 18.42350103 -22.20639911
v -8.54232025 18.38320064 -21.67139927
v -11.21990013 4.28339107 -23.36519986
v -10.82289982 4.8000908 -22.01129892
v -13.01010036 18.68190096 -21.39189829
v -13.04300022 11.90670111 -22.41229959
v -13.08590031 15.74960134 -21.20539978
v -8.20808983 18.34550186 -20.84209934
v -12.21360016 11.25600042 -19.56069897
v -12.47189999 15.74540128 -19.42659881
v -11.72990036 5.27197073 -21.33789993
v -12.02159977 3.60824095 -24.26040061
v -12.7456007 23.16540238 -21.11369985
v -6.31821012 22.72790052 -22.1548986
v -13.47960091 11.23770235 -21.41990231
v -12.45960045 18.34590045 -19.90819851
v -12.47189999 15.74540128 -19.42659881
v -5.21996021 22.68150041 -21.33939835
v -5.01427984 22.63420002 -20.13289925
v -13.13640022 2.54815107 -23.10959996
v -12.46100044 22.63420002 -20.065999
v -3.9802599 27.94350147 -21.65549919
v -12.74919987 37.40930258 -18.71339825
v -12.17500019 37.40930262 -19.63809804
v -12.21360016 11.25600042 -19.56069897
v -3.04854989 27.99650091 -20.3693988
v -2.88469005 28.05180061 -19.1682994
v -13.66300011 0.28773994 -21.41990088
v -13.1413002 0.75663 -23.11899945
v -2.60718012 37.40930262 -19.63809804
v -11.72990036 5.27197073 -21.33789993
v -1.54927003 37.40930258 -18.84019879
v -1.35824001 37.40930256 -18.27769879
v 16.34530067 3.44612924 18.31229988
v 16.35330009 2.00840918 18.27379998
v 15.1008997 3.76017921 18.00420015
v 16.21159935 2.54814919 19.99370014
v 15.11340046 4.8000891 16.93750021
v 17.36240005 3.60823908 18.52100007
v 16.46719933 4.28338928 17.46200008
v 15.02180004 1.17413919 17.99110036
v 16.22100067 0.75662812 20.0002003
v 14.4399004 5.271969 18.13559937
v 14.52190018 0.2877381 20.68930055
v 14.52190018 0.2877381 20.68930055
v -11.86359978 3.44612902 23.24329963
v -11.83450031 2.00840896 23.2513009
v -11.63029957 3.76017903 21.99889962
v -13.13640022 2.54814905 23.10960018
v -10.82289982 4.80008887 22.01129934
v -12.02159977 3.60823883 24.26040093
v -11.21990013 4.28338902 23.36520023
v -11.62040043 1.17413902 21.91979986
v -13.1413002 0.75662798 23.11899951
v -11.72990036 5.27196886 21.33790039
v -13.66300011 0.28773807 21.41990091
v -13.66300011 0.28773807 21.41990091
v 11.86359978 3.44612902 23.24329963
v 11.63029957 3.76017903 21.99889962
v 11.83450031 2.00840896 23.2513009
v 10.82289982 4.80008887 22.01129934
v 13.13640022 2.54814905 23.10960018
v 11.21990013 4.28338902 23.36520023
v 12.02159977 3.60823883 24.26040093
v 11.62040043 1.17413902 21.91979986
v 11.72990036 5.27196886 21.33790039
v 13.1413002 0.75662798 23.11899951
v 13.66300011 0.28773807 21.41990091
v 13.66300011 0.28773807 21.41990091
v -16.34530067 3.44612924 18.31229988
v -15.1008997 3.76017921 18.00420015
v -16.35330009 2.00840918 18.27379998
v -15.11340046 4.8000891 16.93750021
v -16.21159935 2.54814919 19.99370014
v -16.46719933 4.28338928 17.46200008
v -17.36240005 3.60823908 18.52100007
v -15.02180004 1.17413919 17.99110036
v -14.4399004 5.271969 18.13559937
v -16.22100067 0.75662812 20.0002003
v -14.52190018 0.2877381 20.68930055
v -14.52190018 0.2877381 20.68930055
v -16.34530067 3.44613084 -18.31229958
v -16.35330009 2.00841078 -18.27379981
v -15.1008997 3.76018078 -18.00419982
v -16.21159935 2.54815094 -19.99369992
v -15.11340046 4.80009058 -16.93749979
v -17.36240005 3.6082407 -18.52099975
v -16.46719933 4.28339081 -17.46199971
v -15.02180004 1.17414076 -17.99110026
v -16.22100067 0.75662986 -20.00020024
v -14.4399004 5.27197059 -18.13559891
v -14.52190018 0.28773991 -20.68930052
v -14.52190018 0.28773991 -20.68930052
v 16.34530067 3.44613084 -18.31229958
v 15.1008997 3.76018078 -18.00419982
v 16.35330009 2.00841078 -18.27379981
v 15.11340046 4.80009058 -16.93749979
v 16.21159935 2.54815094 -19.99369992
v 16.46719933 4.28339081 -17.46199971
v 17.36240005 3.6082407 -18.52099975
v 15.02180004 1.17414076 -17.99110026
v 14.4399004 5.27197059 -18.13559891
v 16.22100067 0.75662986 -20.00020024
v 14.52190018 0.28773991 -20.68930052
v 14.52190018 0.28773991 -20.68930052
v 11.86359978 3.44613105 -23.24329933
v 11.83450031 2.00841099 -23.25119963
v 11.63029957 3.76018096 -21.9988993
v 13.13640022 2.54815107 -23.10959996
v 10.82289982 4.8000908 -22.01129892
v 12.02159977 3.60824095 -24.26040061
v 11.21990013 4.28339107 -23.36519986
v 11.62040043 1.17414093 -21.91979975
v 13.1413002 0.75663 -23.11899945
v 11.72990036 5.27197073 -21.33789993
v 13.66300011 0.28773994 -21.41990088
v 13.66300011 0.28773994 -21.41990088
v -11.86359978 3.44613105 -23.24329933
v -11.63029957 3.76018096 -21.9988993
v -11.83450031 2.00841099 -23.25119963
v -10.82289982 4.8000908 -22.01129892
v -13.13640022 2.54815107 -23.10959996
v -11.21990013 4.28339107 -23.36519986
v -12.02159977 3.60824095 -24.26040061
v -11.62040043 1.17414093 -21.91979975
v -11.72990036 5.27197073 -21.33789993
v -13.1413002 0.75663 -23.11899945
v -13.66300011 0.28773994 -21.41990088
v -13.66300011 0.28773994 -21.41990088
v 13.16810036 22.63419831 19.10150055
v 11.05910015 22.63419874 9.2643309
v 11.73110008 18.34550036 13.48340115
v 10.72980022 28.05179949 6.45113114
v 13.34630013 18.34589875 19.09960064
v 11.81540012 37.40930091 19.48220226
v 12.62639999 15.85959926 18.42989991
v 11.37979984 37.40930156 4.43469163
v 12.52859974 15.74539959 19.11590073
v -12.46100044 22.63419827 20.06600097
v -5.01427984 22.63419836 17.9571009
v -8.20808983 18.34550013 18.6291016
v -2.88469005 28.051799 17.62780121
v -12.45960045 18.3458987 20.24420055
v -12.74919987 37.40930094 18.71340152
v -11.95259953 15.85959921 19.5244014
v -1.35824001 37.40930096 18.27770206
v -12.47189999 15.74539958 19.42660019
v 12.46100044 22.63419827 20.06600097
v 8.20808983 18.34550013 18.6291016
v 5.01427984 22.63419836 17.9571009
v 12.45960045 18.3458987 20.24420055
v 2.88469005 28.051799 17.62780121
v 12.74919987 37.40930094 18.71340152
v 11.95259953 15.85959921 19.5244014
v 12.47189999 15.74539958 19.42660019
v 1.35824001 37.40930096 18.27770206
v -13.16810036 22.63419831 19.10150055
v -11.73110008 18.34550036 13.48340115
v -11.05910015 22.63419874 9.2643309
v -13.34630013 18.34589875 19.09960064
v -10.72980022 28.05179949 6.45113114
v -11.81540012 37.40930091 19.48220226
v -12.62639999 15.85959926 18.42989991
v -12.52859974 15.74539959 19.11590073
v -11.37979984 37.40930156 4.43469163
v -13.16810036 22.63419998 -19.10149857
v -11.05910015 22.63419955 -9.26432892
v -11.73110008 18.34550154 -13.48339954
v -10.72980022 28.05180006 -6.45112869
v -13.34630013 18.34590042 -19.09959904
v -11.81540012 37.40930261 -19.48219899
v -12.62639999 15.85960087 -18.42989852
v -11.37979984 37.40930195 -4.43468836
v -12.52859974 15.74540126 -19.11589935
v 13.16810036 22.63419998 -19.10149857
v 11.73110008 18.34550154 -13.48339954
v 11.05910015 22.63419955 -9.26432892
v 13.34630013 18.34590042 -19.09959904
v 10.72980022 28.05180006 -6.45112869
v 11.81540012 37.40930261 -19.48219899
v 12.62639999 15.85960087 -18.42989852
v 12.52859974 15.74540126 -19.11589935
v 11.37979984 37.40930195 -4.43468836
v 12.46100044 22.63420002 -20.065999
v 5.01427984 22.63420002 -20.13289925
v 8.20808983 18.34550186 -20.84209934
v 2.88469005 28.05180061 -19.1682994
v 12.45960045 18.34590047 -20.24419895
v 12.74919987 37.40930258 -18.71339825
v 11.95259953 15.85960095 -20.2956002
v 1.35824001 37.40930256 -18.27769879
v 12.47189999 15.74540128 -19.42659881
v -12.46100044 22.63420002 -20.065999
v -8.20808983 18.34550186 -20.84209934
v -5.01427984 22.63420002 -20.13289925
v -12.45960045 18.34590045 -19.90819851
v -2.88469005 28.05180061 -19.1682994
v -12.74919987 37.40930258 -18.71339825
v -11.95259953 15.85960095 -20.2956002
v -12.47189999 15.74540128 -19.42659881
v -1.35824001 37.40930256 -18.27769879
vn 0.53419 -0.21208 -0.81833
vn 0.94346 0.26501 -0.19914
vn 0.58678 0.20189 -0.78417
vn 0.99374 0.0205 0.10978
vn -0.34738 0.05055 -0.93636
vn 0.91563 -0.32725 -0.23352
vn -0.7839 -0.24497 -0.57052
vn 0.38776 -0.73071 -0.56187
vn 0.5563 -0.24384 -0.7944
vn 0.70529 0.14607 0.69371
vn 0.90523 -0.39628 -0.15337
vn -0.98894 -0.14825 -0.00369
vn -0.21776 -0.37818 -0.89976
vn -0.92502 -0.17716 -0.33609
vn 0.88357 -0.23077 -0.40749
vn 0.40215 0.04058 0.91467
vn 0.80932 0.12382 0.57417
vn 0.79684 -0.13652 0.58857
vn 0.17834 0.13699 0.97439
vn -0.27456 -0.01273 0.96149
vn -0.8243 0.10166 0.55695
vn -0.72094 -0.60652 -0.33523
vn 0.91476 -0.06184 -0.39923
vn 0.40919 -0.51787 -0.75125
vn -0.52999 -0.51147 0.6764
vn 0.77848 -0.62014 0.09699
vn -0.81297 0.1187 0.57008
vn -0.81912 -0.00914 0.57355
vn 0.45948 -0.28413 -0.84152
vn 0.95577 0.10632 0.27423
vn 0.89756 -0.03103 -0.4398
vn -0.52427 -0.49899 -0.69003
vn -0.65961 0.01364 0.75149
vn 0.50371 -0.18095 -0.84471
vn -0.6772 -0.24749 -0.69292
vn -0.56463 -0.1362 -0.81403
vn 0.8691 -0.20023 0.4523
vn 0.26257 0.26026 0.92915
vn 0.84541 0.17185 0.50572
vn -0.14945 0.01622 0.98864
vn 0.95205 0.0296 -0.30452
vn 0.28594 -0.30566 0.90819
vn 0.63129 -0.22435 -0.74238
vn 0.66511 -0.65997 0.34938
vn 0.85894 -0.19948 0.47162
vn -0.7776 0.12832 0.61553
vn 0.20483 -0.39794 0.89425
vn 0.02368 -0.14295 -0.98945
vn 0.92519 -0.3119 -0.21619
vn 0.39933 -0.16963 -0.90098
vn 0.48457 -0.20127 0.85128
vn -0.90782 0.0325 0.41809
vn -0.59306 0.1172 0.79659
vn -0.64172 -0.1353 0.75491
vn -0.97811 0.10621 0.17896
vn -0.96687 -0.01305 -0.25493
vn -0.60496 0.09762 -0.79025
vn 0.36965 -0.55124 -0.74799
vn 0.46186 -0.04439 0.88584
vn 0.83048 -0.43542 0.34743
vn -0.63164 -0.49528 -0.59643
vn -0.0504 -0.62838 0.77627
vn -0.63585 0.11327 -0.76346
vn -0.63453 -0.00831 -0.77285
vn 0.89316 -0.22639 0.3886
vn -0.30965 0.1029 0.94527
vn 0.51869 -0.02429 0.85462
vn 0.72508 -0.41299 -0.55108
vn -0.77157 0.0111 -0.63605
vn 0.89053 -0.14349 0.4317
vn 0.68211 -0.19165 -0.70568
vn 0.79307 -0.0875 -0.60281
vn -0.8691 -0.20023 0.4523
vn -0.84541 0.17185 0.50572
vn -0.26257 0.26026 0.92915
vn -0.95205 0.0296 -0.30452
vn 0.14945 0.01622 0.98864
vn -0.63129 -0.22435 -0.74238
vn -0.28594 -0.30566 0.90819
vn -0.66511 -0.65997 0.34938
vn -0.85894 -0.19949 0.47162
vn -0.92519 -0.3119 -0.21619
vn 0.90782 0.0325 0.41809
vn 0.7776 0.12832 0.61553
vn 0.97811 0.10621 0.17896
vn -0.36965 -0.55124 -0.74799
vn -0.02368 -0.14295 -0.98945
vn 0.60496 0.09762 -0.79025
vn -0.39933 -0.16963 -0.90098
vn -0.20483 -0.39794 0.89425
vn 0.59306 0.1172 0.79659
vn -0.48457 -0.20127 0.85128
vn 0.96687 -0.01305 -0.25493
vn 0.63585 0.11327 -0.76346
vn -0.83048 -0.43542 0.34743
vn -0.72508 -0.41299 -0.55108
vn 0.64172 -0.1353 0.75491
vn 0.63453 -0.00831 -0.77285
vn -0.46186 -0.04439 0.88584
vn 0.77157 0.0111 -0.63605
vn 0.30965 0.1029 0.94527
vn -0.89316 -0.22639 0.3886
vn -0.68211 -0.19165 -0.70568
vn 0.63164 -0.49528 -0.59643
vn 0.0504 -0.62838 0.77627
vn -0.51869 -0.02429 0.85462
vn -0.89053 -0.14349 0.4317
vn -0.79307 -0.0875 -0.60281
vn -0.53419 -0.21208 -0.81833
vn -0.58678 0.20189 -0.78417
vn -0.94346 0.26501 -0.19914
vn 0.34738 0.05055 -0.93636
vn -0.99374 0.0205 0.10978
vn 0.7839 -0.24497 -0.57052
vn -0.91563 -0.32725 -0.23352
vn -0.38776 -0.73071 -0.56187
vn -0.5563 -0.24384 -0.7944
vn 0.21777 -0.37818 -0.89976
vn -0.40215 0.04058 0.91467
vn -0.70529 0.14607 0.69371
vn -0.17834 0.13699 0.97439
vn 0.72094 -0.60652 -0.33523
vn 0.98894 -0.14825 -0.00369
vn 0.8243 0.10166 0.55695
vn 0.92502 -0.17716 -0.33609
vn -0.90523 -0.39628 -0.15337
vn -0.81297 0.1187 0.57008
vn -0.88357 -0.23077 -0.40749
vn 0.27456 -0.01273 0.96149
vn 0.80932 0.12382 0.57417
vn -0.40919 -0.51787 -0.75125
vn 0.52427 -0.49899 -0.69003
vn -0.79684 -0.13652 0.58857
vn 0.81912 -0.00914 0.57355
vn -0.91476 -0.06184 -0.39923
vn 0.65961 0.01364 0.75149
vn -0.95577 0.10632 0.27423
vn -0.45948 -0.28413 -0.84152
vn 0.6772 -0.24749 -0.69292
vn 0.52999 -0.51147 0.6764
vn -0.77848 -0.62014 0.09699
vn -0.89756 -0.03103 -0.4398
vn -0.50371 -0.18095 -0.84471
vn 0.56463 -0.1362 -0.81403
vn -0.53419 -0.21208 0.81833
vn -0.94346 0.26501 0.19914
vn -0.58678 0.20189 0.78417
vn -0.99374 0.0205 -0.10978
vn 0.34738 0.05055 0.93636
vn -0.91563 -0.32725 0.23352
vn 0.7839 -0.24497 0.57052
vn -0.38776 -0.73071 0.56187
vn -0.5563 -0.24384 0.7944
vn -0.70529 0.14607 -0.69371
vn -0.90523 -0.39628 0.15337
vn 0.21776 -0.37818 0.89976
vn 0.92502 -0.17716 0.33609
vn -0.88357 -0.23077 0.40749
vn -0.40215 0.04058 -0.91467
vn -0.80932 0.12382 -0.57417
vn -0.79684 -0.13652 -0.58857
vn -0.17834 0.13699 -0.97439
vn 0.27456 -0.01273 -0.96149
vn 0.8243 0.10166 -0.55695
vn 0.72094 -0.60652 0.33523
vn -0.91476 -0.06184 0.39923
vn -0.40919 -0.51787 0.75125
vn 0.52999 -0.51147 -0.6764
vn -0.77848 -0.62014 -0.09699
vn 0.81297 0.1187 -0.57008
vn 0.81912 -0.00914 -0.57355
vn -0.45948 -0.28413 0.84152
vn -0.95577 0.10632 -0.27423
vn -0.89756 -0.03103 0.4398
vn 0.52427 -0.49899 0.69003
vn 0.65961 0.01364 -0.75149
vn -0.50371 -0.18095 0.84471
vn 0.6772 -0.24749 0.69292
vn 0.56463 -0.1362 0.81403
vn 0.53419 -0.21208 0.81833
vn 0.58678 0.20189 0.78417
vn 0.94346 0.26501 0.19914
vn -0.34738 0.05055 0.93636
vn 0.99374 0.0205 -0.10978
vn -0.7839 -0.24497 0.57052
vn 0.91563 -0.32725 0.23352
vn 0.38776 -0.73071 0.56187
vn 0.5563 -0.24384 0.7944
vn -0.21777 -0.37818 0.89976
vn 0.40215 0.04058 -0.91467
vn 0.70529 0.14607 -0.69371
vn 0.17834 0.13699 -0.97439
vn -0.72094 -0.60652 0.33523
vn -0.8243 0.10166 -0.55695
vn -0.92502 -0.17716 0.33609
vn 0.90523 -0.39628 0.15337
vn 0.81297 0.1187 -0.57008
vn 0.88357 -0.23077 0.40749
vn -0.27456 -0.01273 -0.96149
vn -0.80932 0.12382 -0.57417
vn 0.40919 -0.51787 0.75125
vn -0.52427 -0.49899 0.69003
vn 0.79684 -0.13652 -0.58856
vn -0.81912 -0.00914 -0.57355
vn 0.91476 -0.06184 0.39923
vn -0.65961 0.01364 -0.75149
vn 0.95577 0.10632 -0.27423
vn 0.45948 -0.28413 0.84152
vn -0.6772 -0.24749 0.69292
vn -0.52999 -0.51147 -0.6764
vn 0.77848 -0.62014 -0.09699
vn 0.89756 -0.03103 0.4398
vn 0.50371 -0.18095 0.84471
vn -0.56463 -0.1362 0.81403
vn -0.83717 -0.20968 -0.50516
vn -0.26257 0.26026 -0.92915
vn -0.84541 0.17185 -0.50572
vn 0.17695 0.00572 -0.9842
vn -0.94729 0.04953 0.31653
vn -0.09381 -0.26241 -0.96038
vn -0.86475 -0.22504 0.44896
vn -0.53474 -0.62835 -0.56501
vn -0.85894 -0.19949 -0.47162
vn 0.7776 0.12831 -0.61553
vn -0.20483 -0.39795 -0.89425
vn -0.24711 -0.1084 0.9629
vn -0.92519 -0.3119 0.21619
vn -0.39933 -0.16963 0.90098
vn -0.25134 -0.11227 -0.96136
vn 0.9196 0.02826 -0.39183
vn 0.65738 0.10826 -0.74574
vn 0.64172 -0.1353 -0.75491
vn 0.97811 0.10621 -0.17896
vn 0.96687 -0.01305 0.25493
vn 0.40767 0.12186 0.90496
vn -0.60536 -0.55369 0.57181
vn -0.3653 0.01467 -0.93077
vn -0.7768 -0.39633 -0.48938
vn 0.63164 -0.49528 0.59643
vn 0.0504 -0.62838 -0.77627
vn 0.40069 0.06593 0.91384
vn 0.48259 -0.08903 0.87131
vn -0.89118 -0.17808 -0.41724
vn 0.3574 0.14948 -0.92191
vn -0.51072 0.09041 -0.85498
vn -0.7694 -0.46373 0.43929
vn 0.74194 -0.05214 0.66844
vn -0.894 -0.07965 -0.44094
vn -0.73057 -0.25306 0.63422
vn -0.78608 -0.17538 0.59272
vn 0.83717 -0.20968 -0.50516
vn 0.84541 0.17185 -0.50572
vn 0.26257 0.26026 -0.92915
vn 0.94729 0.04953 0.31653
vn -0.17695 0.00572 -0.9842
vn 0.86323 -0.25413 0.43617
vn 0.09381 -0.26241 -0.96038
vn 0.53474 -0.62835 -0.56501
vn 0.85894 -0.19949 -0.47162
vn 0.92519 -0.3119 0.21619
vn -0.9077 0.0335 -0.41827
vn -0.7776 0.12832 -0.61553
vn -0.97623 0.09578 -0.19441
vn 0.6283 -0.55017 0.55004
vn 0.24711 -0.1084 0.9629
vn -0.40693 0.07826 0.9101
vn 0.39933 -0.16963 0.90098
vn 0.20483 -0.39795 -0.89425
vn -0.65738 0.10826 -0.74574
vn 0.25134 -0.11227 -0.96136
vn -0.96687 -0.01305 0.25493
vn 0.7768 -0.39633 -0.48938
vn 0.7694 -0.46373 0.43929
vn -0.64172 -0.1353 -0.75491
vn -0.48441 -0.07127 0.87193
vn 0.3653 0.01467 -0.93077
vn -0.74194 -0.05214 0.66844
vn -0.3574 0.14948 -0.92191
vn 0.89118 -0.17808 -0.41724
vn 0.73057 -0.25306 0.63422
vn -0.63164 -0.49528 0.59643
vn -0.0504 -0.62838 -0.77627
vn 0.51072 0.09041 -0.85498
vn 0.894 -0.07965 -0.44094
vn 0.78608 -0.17538 0.59272
vn 0.35509 -0.61592 -0.70325
vn 0.78608 -0.17538 -0.59272
vn -0.14294 -0.24777 -0.95822
vn -0.07145 -0.51485 -0.8543
vn 0.77447 -0.53939 0.33055
vn 0.62556 -0.16701 0.76209
vn 0.96671 -0.21208 -0.14315
vn 0.8817 -0.46549 -0.07702
vn -0.77447 -0.53939 0.33055
vn -0.96671 -0.21208 -0.14315
vn -0.62556 -0.16701 0.76209
vn -0.8817 -0.46549 -0.07702
vn -0.35509 -0.61592 -0.70325
vn 0.14294 -0.24777 -0.95822
vn -0.78608 -0.17538 -0.59272
vn 0.07145 -0.51485 -0.8543
vn -0.35509 -0.61592 0.70325
vn 0.14294 -0.24777 0.95822
vn 0.07145 -0.51485 0.8543
vn 0.35509 -0.61592 0.70325
vn -0.14294 -0.24777 0.95822
vn -0.07145 -0.51485 0.8543
vn -0.77447 -0.53939 -0.33055
vn -0.62556 -0.16701 -0.76209
vn -0.96671 -0.21208 0.14315
vn -0.8817 -0.46549 0.07701
vn 0.77447 -0.53939 -0.33055
vn 0.96671 -0.21208 0.14315
vn 0.62556 -0.16701 -0.76209
vn 0.8817 -0.46549 0.07702
vt 0.06559 0.75145
vt 0.05923 0.79167
vt 0.07175 0.79472
vt 0.0499 0.75145
vt 0.0912 0.79875
vt 0.08836 0.71367
vt 0.08414 0.75146
vt 0.12027 0.71236
vt 0.08154 0.88138
vt 0.04813 0.79671
vt 0.06611 0.89259
vt 0.11383 0.79822
vt 0.09646 0.87245
vt 0.11083 0.86421
vt 0.14398 0.6647
vt 0.0432 0.71073
vt 0.04718 0.65962
vt 0.04814 0.90338
vt 0.04083 0.75145
vt 0.03477 0.80355
vt 0.09395 0.75146
vt 0.13398 0.72276
vt 0.1791 0.60516
vt 0.16761 0.66582
vt 0.02579 0.92804
vt 0.04696 0.92406
vt 0.02807 0.71312
vt 0.03407 0.66459
vt 0.19983 0.60546
vt 0.05578 0.49725
vt 0.19985 0.49725
vt 0.18595 0.67297
vt 0.00221 0.8687
vt 0.01956 0.74842
vt 0.00719 0.79694
vt 0.04807 0.4972
vt 0.21639 0.49725
vt 0.21453 0.61024
vt 0.22324 0.49725
vt 0.82408 0.75145
vt 0.81792 0.79472
vt 0.83045 0.79167
vt 0.79848 0.79875
vt 0.83977 0.75145
vt 0.80553 0.75146
vt 0.80131 0.71367
vt 0.76941 0.71236
vt 0.80814 0.88138
vt 0.79321 0.87245
vt 0.84648 0.71073
vt 0.84155 0.79671
vt 0.84885 0.75145
vt 0.75569 0.72276
vt 0.77584 0.79822
vt 0.79573 0.75146
vt 0.77885 0.86421
vt 0.82356 0.89259
vt 0.84249 0.65962
vt 0.74569 0.6647
vt 0.85491 0.80355
vt 0.8616 0.71312
vt 0.87011 0.74842
vt 0.72207 0.66582
vt 0.70372 0.67297
vt 0.84153 0.90338
vt 0.8556 0.66459
vt 0.71058 0.60516
vt 0.84161 0.4972
vt 0.8339 0.49725
vt 0.88249 0.79694
vt 0.68985 0.60546
vt 0.67515 0.61024
vt 0.86389 0.92804
vt 0.84272 0.92406
vt 0.68983 0.49725
vt 0.88747 0.8687
vt 0.67329 0.49725
vt 0.66644 0.49725
vt 0.24084 0.60338
vt 0.24022 0.62234
vt 0.25559 0.60294
vt 0.22103 0.61489
vt 0.26265 0.58025
vt 0.22491 0.59417
vt 0.2456 0.58501
vt 0.25535 0.63804
vt 0.22085 0.63818
vt 0.27581 0.58274
vt 0.22511 0.66205
vt 0.28488 0.65107
vt 0.64622 0.60338
vt 0.63147 0.60294
vt 0.64684 0.62234
vt 0.62441 0.58025
vt 0.66603 0.61489
vt 0.64146 0.58501
vt 0.66214 0.59417
vt 0.63171 0.63804
vt 0.61125 0.58274
vt 0.66621 0.63818
vt 0.60218 0.65107
vt 0.66195 0.66205
vt 0.43158 0.6657
vt 0.31945 0.6657
vt 0.36754 0.71459
vt 0.28738 0.60394
vt 0.43156 0.71458
vt 0.43592 0.49728
vt 0.42393 0.74418
vt 0.26439 0.49728
vt 0.43175 0.74423
vt 0.44474 0.6657
vt 0.50878 0.71459
vt 0.55688 0.6657
vt 0.44476 0.71458
vt 0.58894 0.60394
vt 0.4404 0.49728
vt 0.4524 0.74418
vt 0.44458 0.74423
vt 0.61193 0.49728
usemtl mat0
f 1466/612/637 1467/613/638 1468/614/639
f 1466/612/637 1469/615/640 1467/613/638
f 1466/612/637 1468/614/639 1470/616/641
f 1466/612/637 1471/617/642 1469/615/640
f 1466/612/637 1470/616/641 1472/618/643
f 1466/612/637 1473/619/644 1471/617/642
f 1466/612/637 1472/618/643 1473/619/644
f 1467/613/638 1474/620/645 1468/614/639
f 1467/613/638 1469/615/640 1475/621/646
f 1467/613/638 1476/622/647 1474/620/645
f 1467/613/638 1475/621/646 1476/622/647
f 1470/616/641 1477/623/648 1472/618/643
f 1470/616/641 1468/614/639 1478/624/649
f 1470/616/641 1479/625/650 1477/623/648
f 1470/616/641 1478/624/649 1479/625/650
f 1478/624/649 1468/614/639 1474/620/645
f 1471/617/642 1473/619/644 1480/626/651
f 1471/617/642 1481/627/652 1469/615/640
f 1471/617/642 1480/626/651 1482/628/653
f 1471/617/642 1482/628/653 1481/627/652
f 1475/621/646 1483/629/654 1476/622/647
f 1475/621/646 1469/615/640 1484/630/655
f 1475/621/646 1485/631/656 1483/629/654
f 1475/621/646 1484/630/655 1485/631/656
f 1469/615/640 1481/627/652 1484/630/655
f 1472/618/643 1477/623/648 1486/632/657
f 1472/618/643 1487/633/658 1473/619/644
f 1480/626/651 1488/634/659 1482/628/653
f 1480/626/651 1473/619/644 1489/635/660
f 1480/626/651 1489/635/660 1488/634/659
f 1473/619/644 1487/633/658 1489/635/660
f 1483/629/654 1485/631/656 1490/636/661
f 1483/629/654 1490/636/661 1491/637/662
f 1481/627/652 1492/638/663 1484/630/655
f 1481/627/652 1482/628/653 1493/639/664
f 1481/627/652 1493/639/664 1492/638/663
f 1488/634/659 1489/635/660 1494/640/665
f 1488/634/659 1495/641/666 1482/628/653
f 1488/634/659 1494/640/665 1496/642/667
f 1488/634/659 1496/642/667 1495/641/666
f 1487/633/658 1497/643/668 1489/635/660
f 1489/635/660 1497/643/668 1494/640/665
f 1485/631/656 1498/644/650 1490/636/661
f 1485/631/656 1484/630/655 1499/645/657
f 1485/631/656 1500/646/648 1498/644/650
f 1485/631/656 1499/645/657 1500/646/648
f 1499/645/657 1484/630/655 1492/638/663
f 1493/639/664 1482/628/653 1501/647/669
f 1501/647/669 1482/628/653 1495/641/666
f 1496/642/667 1494/640/665 1502/648/670
f 1497/643/668 1503/649/671 1494/640/665
f 1494/640/665 1503/649/671 1502/648/670
f 1503/649/671 1504/650/672 1502/648/670
f 1505/612/673 1506/613/674 1507/614/675
f 1505/612/673 1508/615/676 1506/613/674
f 1505/612/673 1507/614/675 1509/616/677
f 1505/612/673 1510/617/678 1508/615/676
f 1505/612/673 1509/616/677 1511/618/679
f 1505/612/673 1512/619/680 1510/617/678
f 1505/612/673 1511/618/679 1512/619/680
f 1506/613/674 1513/620/681 1507/614/675
f 1506/613/674 1508/615/676 1514/621/682
f 1506/613/674 1515/622/683 1513/620/681
f 1506/613/674 1514/621/682 1515/622/683
f 1509/616/677 1516/623/684 1511/618/679
f 1509/616/677 1507/614/675 1517/624/685
f 1509/616/677 1518/625/686 1516/623/684
f 1509/616/677 1517/624/685 1518/625/686
f 1517/624/685 1507/614/675 1513/620/681
f 1510/617/678 1512/619/680 1519/626/687
f 1510/617/678 1520/627/688 1508/615/676
f 1510/617/678 1519/626/687 1521/628/689
f 1510/617/678 1521/628/689 1520/627/688
f 1514/621/682 1522/629/690 1515/622/683
f 1514/621/682 1508/615/676 1523/630/691
f 1514/621/682 1524/631/692 1522/629/690
f 1514/621/682 1523/630/691 1524/631/692
f 1508/615/676 1520/627/688 1523/630/691
f 1511/618/679 1516/623/684 1525/632/693
f 1511/618/679 1526/633/694 1512/619/680
f 1519/626/687 1527/634/695 1521/628/689
f 1519/626/687 1512/619/680 1528/635/696
f 1519/626/687 1528/635/696 1527/634/695
f 1512/619/680 1526/633/694 1528/635/696
f 1522/629/690 1524/631/692 1529/636/697
f 1522/629/690 1529/636/697 1530/637/698
f 1520/627/688 1531/638/699 1523/630/691
f 1520/627/688 1521/628/689 1532/639/700
f 1520/627/688 1532/639/700 1531/638/699
f 1527/634/695 1528/635/696 1533/640/701
f 1527/634/695 1534/641/702 1521/628/689
f 1527/634/695 1533/640/701 1535/642/703
f 1527/634/695 1535/642/703 1534/641/702
f 1526/633/694 1536/643/704 1528/635/696
f 1528/635/696 1536/643/704 1533/640/701
f 1524/631/692 1537/644/686 1529/636/697
f 1524/631/692 1523/630/691 1538/645/693
f 1524/631/692 1539/646/684 1537/644/686
f 1524/631/692 1538/645/693 1539/646/684
f 1538/645/693 1523/630/691 1531/638/699
f 1532/639/700 1521/628/689 1540/647/705
f 1540/647/705 1521/628/689 1534/641/702
f 1535/642/703 1533/640/701 1541/648/706
f 1536/643/704 1542/649/707 1533/640/701
f 1533/640/701 1542/649/707 1541/648/706
f 1542/649/707 1543/650/708 1541/648/706
f 1544/651/709 1545/652/710 1546/653/711
f 1544/651/709 1547/654/712 1545/652/710
f 1544/651/709 1546/653/711 1548/655/713
f 1544/651/709 1549/656/714 1547/654/712
f 1544/651/709 1548/655/713 1550/657/715
f 1544/651/709 1551/658/716 1549/656/714
f 1544/651/709 1550/657/715 1551/658/716
f 1545/652/710 1552/659/717 1546/653/711
f 1545/652/710 1547/654/712 1553/660/718
f 1545/652/710 1553/660/718 1552/659/717
f 1548/655/713 1554/661/719 1550/657/715
f 1548/655/713 1546/653/711 1555/662/720
f 1548/655/713 1556/663/721 1554/661/719
f 1548/655/713 1555/662/720 1556/663/721
f 1549/656/714 1551/658/716 1557/664/722
f 1549/656/714 1558/665/723 1547/654/712
f 1549/656/714 1559/666/724 1558/665/723
f 1553/660/718 1547/654/712 1560/667/725
f 1560/667/725 1547/654/712 1558/665/723
f 1552/659/717 1561/668/726 1546/653/711
f 1546/653/711 1561/668/726 1555/662/720
f 1550/657/715 1554/661/719 1562/669/727
f 1550/657/715 1563/670/728 1551/658/716
f 1550/657/715 1562/669/727 1563/670/728
f 1556/663/721 1555/662/720 1564/671/729
f 1556/663/721 1565/672/730 1554/661/719
f 1556/663/721 1564/671/729 1566/673/724
f 1556/663/721 1566/673/724 1565/672/730
f 1557/664/722 1551/658/716 1567/674/731
f 1557/664/722 1567/674/731 1568/675/732
f 1551/658/716 1563/670/728 1567/674/731
f 1561/668/726 1569/676/733 1555/662/720
f 1555/662/720 1569/676/733 1564/671/729
f 1562/669/727 1554/661/719 1570/677/734
f 1562/669/727 1571/678/735 1563/670/728
f 1562/669/727 1570/677/734 1572/679/736
f 1562/669/727 1573/680/737 1571/678/735
f 1562/669/727 1572/679/736 1573/680/737
f 1570/677/734 1554/661/719 1565/672/730
f 1563/670/728 1571/678/735 1567/674/731
f 1566/673/724 1564/671/729 1574/681/723
f 1568/675/732 1567/674/731 1575/682/738
f 1568/675/732 1575/682/738 1576/683/739
f 1567/674/731 1571/678/735 1575/682/738
f 1569/676/733 1577/684/740 1564/671/729
f 1569/676/733 1578/685/741 1577/684/740
f 1573/680/737 1579/686/742 1571/678/735
f 1571/678/735 1579/686/742 1575/682/738
f 1574/681/723 1564/671/729 1580/687/725
f 1580/687/725 1564/671/729 1577/684/740
f 1576/683/739 1575/682/738 1581/688/743
f 1576/683/739 1581/688/743 1582/689/744
f 1581/688/743 1575/682/738 1579/686/742
f 1583/651/745 1584/652/746 1585/653/747
f 1583/651/745 1586/654/748 1584/652/746
f 1583/651/745 1585/653/747 1587/655/749
f 1583/651/745 1588/656/750 1586/654/748
f 1583/651/745 1587/655/749 1589/657/751
f 1583/651/745 1590/658/752 1588/656/750
f 1583/651/745 1589/657/751 1590/658/752
f 1584/652/746 1591/659/753 1585/653/747
f 1584/652/746 1586/654/748 1592/660/754
f 1584/652/746 1592/660/754 1591/659/753
f 1587/655/749 1593/661/755 1589/657/751
f 1587/655/749 1585/653/747 1594/662/756
f 1587/655/749 1595/663/757 1593/661/755
f 1587/655/749 1594/662/756 1595/663/757
f 1588/656/750 1590/658/752 1596/664/758
f 1588/656/750 1597/665/759 1586/654/748
f 1588/656/750 1598/666/760 1597/665/759
f 1592/660/754 1586/654/748 1599/667/761
f 1599/667/761 1586/654/748 1597/665/759
f 1591/659/753 1600/668/762 1585/653/747
f 1585/653/747 1600/668/762 1594/662/756
f 1589/657/751 1593/661/755 1601/669/763
f 1589/657/751 1602/670/764 1590/658/752
f 1589/657/751 1601/669/763 1602/670/764
f 1595/663/757 1594/662/756 1603/671/765
f 1595/663/757 1604/672/766 1593/661/755
f 1595/663/757 1603/671/765 1605/673/760
f 1595/663/757 1605/673/760 1604/672/766
f 1596/664/758 1590/658/752 1606/674/767
f 1596/664/758 1606/674/767 1607/675/768
f 1590/658/752 1602/670/764 1606/674/767
f 1600/668/762 1608/676/769 1594/662/756
f 1594/662/756 1608/676/769 1603/671/765
f 1601/669/763 1593/661/755 1609/677/770
f 1601/669/763 1610/678/771 1602/670/764
f 1601/669/763 1609/677/770 1611/679/772
f 1601/669/763 1612/680/773 1610/678/771
f 1601/669/763 1611/679/772 1612/680/773
f 1609/677/770 1593/661/755 1604/672/766
f 1602/670/764 1610/678/771 1606/674/767
f 1605/673/760 1603/671/765 1613/681/759
f 1607/675/768 1606/674/767 1614/682/774
f 1607/675/768 1614/682/774 1615/683/775
f 1606/674/767 1610/678/771 1614/682/774
f 1608/676/769 1616/684/776 1603/671/765
f 1608/676/769 1617/685/777 1616/684/776
f 1612/680/773 1618/686/778 1610/678/771
f 1610/678/771 1618/686/778 1614/682/774
f 1613/681/759 1603/671/765 1619/687/761
f 1619/687/761 1603/671/765 1616/684/776
f 1615/683/775 1614/682/774 1620/688/779
f 1615/683/775 1620/688/779 1621/689/780
f 1620/688/779 1614/682/774 1618/686/778
f 1622/612/781 1623/613/782 1624/614/783
f 1622/612/781 1625/615/784 1623/613/782
f 1622/612/781 1624/614/783 1626/616/785
f 1622/612/781 1627/617/786 1625/615/784
f 1622/612/781 1626/616/785 1628/618/787
f 1622/612/781 1629/619/788 1627/617/786
f 1622/612/781 1628/618/787 1629/619/788
f 1623/613/782 1630/620/789 1624/614/783
f 1623/613/782 1625/615/784 1631/621/790
f 1623/613/782 1632/622/791 1630/620/789
f 1623/613/782 1631/621/790 1632/622/791
f 1626/616/785 1633/623/759 1628/618/787
f 1626/616/785 1624/614/783 1634/624/792
f 1626/616/785 1635/625/793 1633/623/759
f 1626/616/785 1634/624/792 1635/625/793
f 1634/624/792 1624/614/783 1630/620/789
f 1627/617/786 1629/619/788 1636/626/794
f 1627/617/786 1637/627/795 1625/615/784
f 1627/617/786 1636/626/794 1638/628/796
f 1627/617/786 1638/628/796 1637/627/795
f 1631/621/790 1639/629/797 1632/622/791
f 1631/621/790 1625/615/784 1640/630/798
f 1631/621/790 1641/631/799 1639/629/797
f 1631/621/790 1640/630/798 1641/631/799
f 1625/615/784 1637/627/795 1640/630/798
f 1628/618/787 1633/623/759 1642/632/800
f 1628/618/787 1643/633/801 1629/619/788
f 1636/626/794 1644/634/802 1638/628/796
f 1636/626/794 1629/619/788 1645/635/803
f 1636/626/794 1645/635/803 1644/634/802
f 1629/619/788 1643/633/801 1645/635/803
f 1639/629/797 1641/631/799 1646/636/804
f 1639/629/797 1646/636/804 1647/637/805
f 1637/627/795 1648/638/806 1640/630/798
f 1637/627/795 1638/628/796 1649/639/807
f 1637/627/795 1649/639/807 1648/638/806
f 1644/634/802 1645/635/803 1650/640/808
f 1644/634/802 1651/641/809 1638/628/796
f 1644/634/802 1650/640/808 1652/642/810
f 1644/634/802 1652/642/810 1651/641/809
f 1643/633/801 1653/643/811 1645/635/803
f 1645/635/803 1653/643/811 1650/640/808
f 1641/631/799 1654/644/793 1646/636/804
f 1641/631/799 1640/630/798 1655/645/800
f 1641/631/799 1656/646/759 1654/644/793
f 1641/631/799 1655/645/800 1656/646/759
f 1655/645/800 1640/630/798 1648/638/806
f 1649/639/807 1638/628/796 1657/647/812
f 1657/647/812 1638/628/796 1651/641/809
f 1652/642/810 1650/640/808 1658/648/813
f 1653/643/811 1659/649/814 1650/640/808
f 1650/640/808 1659/649/814 1658/648/813
f 1659/649/814 1660/650/815 1658/648/813
f 1661/651/816 1662/652/817 1663/653/818
f 1661/651/816 1664/654/819 1662/652/817
f 1661/651/816 1663/653/818 1665/655/820
f 1661/651/816 1666/656/821 1664/654/819
f 1661/651/816 1665/655/820 1667/657/822
f 1661/651/816 1668/658/823 1666/656/821
f 1661/651/816 1667/657/822 1668/658/823
f 1662/652/817 1669/659/824 1663/653/818
f 1662/652/817 1664/654/819 1670/660/825
f 1662/652/817 1670/660/825 1669/659/824
f 1665/655/820 1671/661/826 1667/657/822
f 1665/655/820 1663/653/818 1672/662/827
f 1665/655/820 1673/663/828 1671/661/826
f 1665/655/820 1672/662/827 1673/663/828
f 1666/656/821 1668/658/823 1674/664/829
f 1666/656/821 1675/665/648 1664/654/819
f 1666/656/821 1676/666/830 1675/665/648
f 1670/660/825 1664/654/819 1677/667/831
f 1677/667/831 1664/654/819 1675/665/648
f 1669/659/824 1678/668/832 1663/653/818
f 1663/653/818 1678/668/832 1672/662/827
f 1667/657/822 1671/661/826 1679/669/833
f 1667/657/822 1680/670/834 1668/658/823
f 1667/657/822 1679/669/833 1680/670/834
f 1673/663/828 1672/662/827 1681/671/835
f 1673/663/828 1682/672/836 1671/661/826
f 1673/663/828 1681/671/835 1683/673/830
f 1673/663/828 1683/673/830 1682/672/836
f 1674/664/829 1668/658/823 1684/674/837
f 1674/664/829 1684/674/837 1685/675/838
f 1668/658/823 1680/670/834 1684/674/837
f 1678/668/832 1686/676/839 1672/662/827
f 1672/662/827 1686/676/839 1681/671/835
f 1679/669/833 1671/661/826 1687/677/840
f 1679/669/833 1688/678/841 1680/670/834
f 1679/669/833 1687/677/840 1689/679/842
f 1679/669/833 1690/680/843 1688/678/841
f 1679/669/833 1689/679/842 1690/680/843
f 1687/677/840 1671/661/826 1682/672/836
f 1680/670/834 1688/678/841 1684/674/837
f 1683/673/830 1681/671/835 1691/681/648
f 1685/675/838 1684/674/837 1692/682/844
f 1685/675/838 1692/682/844 1693/683/845
f 1684/674/837 1688/678/841 1692/682/844
f 1686/676/839 1694/684/846 1681/671/835
f 1686/676/839 1695/685/847 1694/684/846
f 1690/680/843 1696/686/848 1688/678/841
f 1688/678/841 1696/686/848 1692/682/844
f 1691/681/648 1681/671/835 1697/687/831
f 1697/687/831 1681/671/835 1694/684/846
f 1693/683/845 1692/682/844 1698/688/849
f 1693/683/845 1698/688/849 1699/689/850
f 1698/688/849 1692/682/844 1696/686/848
f 1700/612/851 1701/613/852 1702/614/853
f 1700/612/851 1703/615/854 1701/613/852
f 1700/612/851 1702/614/853 1704/616/855
f 1700/612/851 1705/617/856 1703/615/854
f 1700/612/851 1704/616/855 1706/618/857
f 1700/612/851 1707/619/858 1705/617/856
f 1700/612/851 1706/618/857 1707/619/858
f 1701/613/852 1708/620/859 1702/614/853
f 1701/613/852 1703/615/854 1709/621/860
f 1701/613/852 1710/622/861 1708/620/859
f 1701/613/852 1709/621/860 1710/622/861
f 1704/616/855 1711/623/862 1706/618/857
f 1704/616/855 1702/614/853 1712/624/863
f 1704/616/855 1713/625/864 1711/623/862
f 1704/616/855 1712/624/863 1713/625/864
f 1712/624/863 1702/614/853 1708/620/859
f 1705/617/856 1707/619/858 1714/626/865
f 1705/617/856 1715/627/866 1703/615/854
f 1705/617/856 1714/626/865 1716/628/867
f 1705/617/856 1716/628/867 1715/627/866
f 1709/621/860 1717/629/868 1710/622/861
f 1709/621/860 1703/615/854 1718/630/869
f 1709/621/860 1719/631/870 1717/629/868
f 1709/621/860 1718/630/869 1719/631/870
f 1703/615/854 1715/627/866 1718/630/869
f 1706/618/857 1711/623/862 1720/632/871
f 1706/618/857 1721/633/872 1707/619/858
f 1714/626/865 1722/634/873 1716/628/867
f 1714/626/865 1707/619/858 1723/635/874
f 1714/626/865 1723/635/874 1722/634/873
f 1707/619/858 1721/633/872 1723/635/874
f 1717/629/868 1719/631/870 1724/636/875
f 1717/629/868 1724/636/875 1725/637/876
f 1715/627/866 1726/638/877 1718/630/869
f 1715/627/866 1716/628/867 1727/639/878
f 1715/627/866 1727/639/878 1726/638/877
f 1722/634/873 1723/635/874 1728/640/879
f 1722/634/873 1729/641/880 1716/628/867
f 1722/634/873 1728/640/879 1730/642/881
f 1722/634/873 1730/642/881 1729/641/880
f 1721/633/872 1731/643/882 1723/635/874
f 1723/635/874 1731/643/882 1728/640/879
f 1719/631/870 1732/644/864 1724/636/875
f 1719/631/870 1718/630/869 1733/645/871
f 1719/631/870 1734/646/862 1732/644/864
f 1719/631/870 1733/645/871 1734/646/862
f 1733/645/871 1718/630/869 1726/638/877
f 1727/639/878 1716/628/867 1735/647/883
f 1735/647/883 1716/628/867 1729/641/880
f 1730/642/881 1728/640/879 1736/648/884
f 1731/643/882 1737/649/885 1728/640/879
f 1728/640/879 1737/649/885 1736/648/884
f 1737/649/885 1738/650/886 1736/648/884
f 1739/651/887 1740/652/888 1741/653/889
f 1739/651/887 1742/654/890 1740/652/888
f 1739/651/887 1741/653/889 1743/655/891
f 1739/651/887 1744/656/892 1742/654/890
f 1739/651/887 1743/655/891 1745/657/893
f 1739/651/887 1746/658/894 1744/656/892
f 1739/651/887 1745/657/893 1746/658/894
f 1740/652/888 1747/659/895 1741/653/889
f 1740/652/888 1742/654/890 1748/660/896
f 1740/652/888 1748/660/896 1747/659/895
f 1743/655/891 1749/661/897 1745/657/893
f 1743/655/891 1741/653/889 1750/662/898
f 1743/655/891 1751/663/899 1749/661/897
f 1743/655/891 1750/662/898 1751/663/899
f 1744/656/892 1746/658/894 1752/664/900
f 1744/656/892 1753/665/901 1742/654/890
f 1744/656/892 1754/666/902 1753/665/901
f 1748/660/896 1742/654/890 1755/667/903
f 1755/667/903 1742/654/890 1753/665/901
f 1747/659/895 1756/668/904 1741/653/889
f 1741/653/889 1756/668/904 1750/662/898
f 1745/657/893 1749/661/897 1757/669/905
f 1745/657/893 1758/670/906 1746/658/894
f 1745/657/893 1757/669/905 1758/670/906
f 1751/663/899 1750/662/898 1759/671/907
f 1751/663/899 1760/672/755 1749/661/897
f 1751/663/899 1759/671/907 1761/673/902
f 1751/663/899 1761/673/902 1760/672/755
f 1752/664/900 1746/658/894 1762/674/908
f 1752/664/900 1762/674/908 1763/675/909
f 1746/658/894 1758/670/906 1762/674/908
f 1756/668/904 1764/676/910 1750/662/898
f 1750/662/898 1764/676/910 1759/671/907
f 1757/669/905 1749/661/897 1765/677/911
f 1757/669/905 1766/678/912 1758/670/906
f 1757/669/905 1765/677/911 1767/679/913
f 1757/669/905 1768/680/914 1766/678/912
f 1757/669/905 1767/679/913 1768/680/914
f 1765/677/911 1749/661/897 1760/672/755
f 1758/670/906 1766/678/912 1762/674/908
f 1761/673/902 1759/671/907 1769/681/901
f 1763/675/909 1762/674/908 1770/682/915
f 1763/675/909 1770/682/915 1771/683/916
f 1762/674/908 1766/678/912 1770/682/915
f 1764/676/910 1772/684/917 1759/671/907
f 1764/676/910 1773/685/918 1772/684/917
f 1768/680/914 1774/686/919 1766/678/912
f 1766/678/912 1774/686/919 1770/682/915
f 1769/681/901 1759/671/907 1775/687/903
f 1775/687/903 1759/671/907 1772/684/917
f 1771/683/916 1770/682/915 1776/688/920
f 1771/683/916 1776/688/920 1777/689/921
f 1776/688/920 1770/682/915 1774/686/919
f 1778/690/922 1779/691/923 1780/692/924
f 1778/690/922 1781/693/654 1779/691/923
f 1778/690/922 1780/692/924 1782/694/649
f 1778/690/922 1783/695/647 1781/693/654
f 1778/690/922 1782/694/649 1784/696/645
f 1778/690/922 1784/696/645 1783/695/647
f 1779/691/923 1785/697/925 1780/692/924
f 1779/691/923 1781/693/654 1786/698/662
f 1779/691/923 1786/698/662 1785/697/925
f 1782/694/649 1780/692/924 1787/699/650
f 1780/692/924 1785/697/925 1787/699/650
f 1786/698/662 1788/700/661 1785/697/925
f 1787/699/650 1785/697/925 1789/701/661
f 1790/690/926 1791/691/927 1792/692/928
f 1790/690/926 1793/693/690 1791/691/927
f 1790/690/926 1792/692/928 1794/694/685
f 1790/690/926 1795/695/683 1793/693/690
f 1790/690/926 1794/694/685 1796/696/681
f 1790/690/926 1796/696/681 1795/695/683
f 1791/691/927 1797/697/929 1792/692/928
f 1791/691/927 1793/693/690 1798/698/698
f 1791/691/927 1798/698/698 1797/697/929
f 1794/694/685 1792/692/928 1799/699/686
f 1792/692/928 1797/697/929 1799/699/686
f 1798/698/698 1800/700/697 1797/697/929
f 1799/699/686 1797/697/929 1801/701/697
f 1802/702/930 1803/703/931 1804/704/932
f 1802/702/930 1805/705/718 1803/703/931
f 1802/702/930 1804/704/932 1806/706/733
f 1802/702/930 1807/707/717 1805/705/718
f 1802/702/930 1806/706/733 1808/708/726
f 1802/702/930 1808/708/726 1807/707/717
f 1803/703/931 1809/709/933 1804/704/932
f 1803/703/931 1805/705/718 1810/710/725
f 1803/703/931 1810/710/725 1809/709/933
f 1806/706/733 1804/704/932 1811/711/741
f 1804/704/932 1809/709/933 1811/711/741
f 1810/710/725 1812/712/740 1809/709/933
f 1811/711/741 1809/709/933 1813/713/740
f 1814/702/934 1815/703/935 1816/704/936
f 1814/702/934 1817/705/754 1815/703/935
f 1814/702/934 1816/704/936 1818/706/769
f 1814/702/934 1819/707/753 1817/705/754
f 1814/702/934 1818/706/769 1820/708/762
f 1814/702/934 1820/708/762 1819/707/753
f 1815/703/935 1821/709/937 1816/704/936
f 1815/703/935 1817/705/754 1822/710/761
f 1815/703/935 1822/710/761 1821/709/937
f 1818/706/769 1816/704/936 1823/711/777
f 1816/704/936 1821/709/937 1823/711/777
f 1822/710/761 1824/712/776 1821/709/937
f 1823/711/777 1821/709/937 1825/713/776
f 1826/690/938 1827/691/886 1828/692/939
f 1826/690/938 1829/693/797 1827/691/886
f 1826/690/938 1828/692/939 1830/694/792
f 1826/690/938 1831/695/791 1829/693/797
f 1826/690/938 1830/694/792 1832/696/789
f 1826/690/938 1832/696/789 1831/695/791
f 1827/691/886 1833/697/940 1828/692/939
f 1827/691/886 1829/693/797 1834/698/805
f 1827/691/886 1834/698/805 1833/697/940
f 1830/694/792 1828/692/939 1835/699/793
f 1828/692/939 1833/697/940 1835/699/793
f 1834/698/805 1836/700/804 1833/697/940
f 1835/699/793 1833/697/940 1837/701/804
f 1838/702/941 1839/703/942 1840/704/921
f 1838/702/941 1841/705/825 1839/703/942
f 1838/702/941 1840/704/921 1842/706/839
f 1838/702/941 1843/707/824 1841/705/825
f 1838/702/941 1842/706/839 1844/708/832
f 1838/702/941 1844/708/832 1843/707/824
f 1839/703/942 1845/709/943 1840/704/921
f 1839/703/942 1841/705/825 1846/710/831
f 1839/703/942 1846/710/831 1845/709/943
f 1842/706/839 1840/704/921 1847/711/847
f 1840/704/921 1845/709/943 1847/711/847
f 1846/710/831 1848/712/846 1845/709/943
f 1847/711/847 1845/709/943 1849/713/846
f 1850/690/944 1851/691/945 1852/692/946
f 1850/690/944 1853/693/868 1851/691/945
f 1850/690/944 1852/692/946 1854/694/863
f 1850/690/944 1855/695/861 1853/693/868
f 1850/690/944 1854/694/863 1856/696/859
f 1850/690/944 1856/696/859 1855/695/861
f 1851/691/945 1857/697/947 1852/692/946
f 1851/691/945 1853/693/868 1858/698/876
f 1851/691/945 1858/698/876 1857/697/947
f 1854/694/863 1852/692/946 1859/699/864
f 1852/692/946 1857/697/947 1859/699/864
f 1858/698/876 1860/700/875 1857/697/947
f 1859/699/864 1857/697/947 1861/701/875
f 1862/702/948 1863/703/949 1864/704/950
f 1862/702/948 1865/705/896 1863/703/949
f 1862/702/948 1864/704/950 1866/706/910
f 1862/702/948 1867/707/895 1865/705/896
f 1862/702/948 1866/706/910 1868/708/904
f 1862/702/948 1868/708/904 1867/707/895
f 1863/703/949 1869/709/951 1864/704/950
f 1863/703/949 1865/705/896 1870/710/903
f 1863/703/949 1870/710/903 1869/709/951
f 1866/706/910 1864/704/950 1871/711/918
f 1864/704/950 1869/709/951 1871/711/918
f 1870/710/903 1872/712/917 1869/709/951
f 1871/711/918 1869/709/951 1873/713/917
f 1874/714/664 1875/715/668 1876/716/658
f 1874/714/664 1877/717/671 1875/715/668
f 1874/714/664 1876/716/658 1878/718/663
f 1874/714/664 1879/719/669 1877/717/671
f 1876/716/658 1880/720/643 1878/718/663
f 1879/719/669 1881/721/672 1877/717/671
f 1880/720/643 1882/722/657 1878/718/663
f 1883/714/700 1884/715/704 1885/716/694
f 1883/714/700 1886/717/707 1884/715/704
f 1883/714/700 1885/716/694 1887/718/699
f 1883/714/700 1888/719/705 1886/717/707
f 1885/716/694 1889/720/679 1887/718/699
f 1888/719/705 1890/721/708 1886/717/707
f 1889/720/679 1891/722/693 1887/718/699
f 1892/723/734 1893/724/722 1894/725/732
f 1892/723/734 1895/726/730 1893/724/722
f 1892/723/734 1894/725/732 1896/727/739
f 1892/723/734 1896/727/739 1897/728/736
f 1895/726/730 1898/729/714 1893/724/722
f 1895/726/730 1899/730/724 1898/729/714
f 1896/727/739 1900/731/744 1897/728/736
f 1901/723/770 1902/724/758 1903/725/768
f 1901/723/770 1904/726/766 1902/724/758
f 1901/723/770 1903/725/768 1905/727/775
f 1901/723/770 1905/727/775 1906/728/772
f 1904/726/766 1907/729/750 1902/724/758
f 1904/726/766 1908/730/760 1907/729/750
f 1905/727/775 1909/731/780 1906/728/772
f 1910/714/807 1911/715/811 1912/716/801
f 1910/714/807 1913/717/814 1911/715/811
f 1910/714/807 1912/716/801 1914/718/806
f 1910/714/807 1915/719/812 1913/717/814
f 1912/716/801 1916/720/787 1914/718/806
f 1915/719/812 1917/721/815 1913/717/814
f 1916/720/787 1918/722/800 1914/718/806
f 1919/723/840 1920/724/829 1921/725/838
f 1919/723/840 1922/726/836 1920/724/829
f 1919/723/840 1921/725/838 1923/727/845
f 1919/723/840 1923/727/845 1924/728/842
f 1922/726/836 1925/729/821 1920/724/829
f 1922/726/836 1926/730/830 1925/729/821
f 1923/727/845 1927/731/850 1924/728/842
f 1928/714/878 1929/715/882 1930/716/872
f 1928/714/878 1931/717/885 1929/715/882
f 1928/714/878 1930/716/872 1932/718/877
f 1928/714/878 1933/719/883 1931/717/885
f 1930/716/872 1934/720/857 1932/718/877
f 1933/719/883 1935/721/886 1931/717/885
f 1934/720/857 1936/722/871 1932/718/877
f 1937/723/911 1938/724/900 1939/725/909
f 1937/723/911 1940/726/755 1938/724/900
f 1937/723/911 1939/725/909 1941/727/916
f 1937/723/911 1941/727/916 1942/728/913
f 1940/726/755 1943/729/892 1938/724/900
f 1940/726/755 1944/730/902 1943/729/892
f 1941/727/916 1945/731/921 1942/728/913
# Vertices: 480, normals: 315, texture coordinates: 120, faces: 584

o obj10
v 14.12380028 10.9071989 21.87400103
v 12.38679981 15.90329934 21.56660149
v 12.86460018 10.9071989 22.04439974
v 13.64589977 15.90329935 21.39620088
v 14.96730042 10.90719894 21.0303998
v 14.48950005 15.90329939 20.55260156
v 15.13770008 10.907199 19.77129984
v 14.65989971 15.90329944 19.2935016
v -14.97599983 10.90719894 21.02170038
v -14.66860008 15.90329944 19.28480027
v -15.14640045 10.907199 19.76260042
v -14.49820042 15.90329939 20.54390023
v -14.13249969 10.9071989 21.8652997
v -13.65460014 15.90329935 21.38750146
v -12.8732996 10.9071989 22.03570032
v -12.39550018 15.90329934 21.55790017
v 14.97599983 10.90720078 -21.02169943
v 14.66860008 15.90330113 -19.28479888
v 15.14640045 10.90720072 -19.76259947
v 14.49820042 15.90330118 -20.54389884
v 14.13249969 10.90720082 -21.86529875
v 13.65460014 15.90330122 -21.38750007
v 12.8732996 10.90720082 -22.03569937
v 12.39550018 15.90330123 -21.55789878
v -14.12380028 10.90720082 -21.87400007
v -12.38679981 15.90330123 -21.5666001
v -12.86460018 10.90720082 -22.04439878
v -13.64589977 15.90330122 -21.39619948
v -14.96730042 10.90720078 -21.03039885
v -14.48950005 15.90330118 -20.55260017
v -15.13770008 10.90720072 -19.77129889
v -14.65989971 15.90330113 -19.29350021
v -12.00450039 32.25809951 -20.77479794
v 12.00450039 36.2594995 -20.77479776
v 12.00450039 32.25809951 -20.77479794
v -12.00450039 36.2594995 -20.77479776
v -13.53859997 32.25809778 18.90250156
v -13.53859997 36.25949942 -18.90249857
v -13.53859997 32.25809943 -18.90249874
v -13.53859997 36.25949777 18.90250174
v 13.53859997 32.25809943 -18.90249874
v 13.53859997 36.25949777 18.90250174
v 13.53859997 32.25809778 18.90250156
v 13.53859997 36.25949942 -18.90249857
v 12.00450039 32.25809771 20.38440082
v -12.00450039 36.25949771 20.384401
v -12.00450039 32.25809771 20.38440082
v 12.00450039 36.25949771 20.384401
vn 0.33798 0.12159 0.93326
vn 0.13334 0.10699 0.98528
vn 0.53621 0.13104 0.83385
vn 0.83385 0.13104 0.53621
vn 0.93326 0.12159 0.33798
vn 0.98528 0.10699 0.13334
vn -0.93326 0.12159 0.33798
vn -0.98528 0.10699 0.13334
vn -0.83385 0.13104 0.53621
vn -0.53621 0.13104 0.83385
vn -0.33798 0.12159 0.93326
vn -0.13334 0.10699 0.98528
vn 0.93326 0.12159 -0.33798
vn 0.98528 0.10699 -0.13334
vn 0.83385 0.13104 -0.53621
vn 0.53621 0.13104 -0.83385
vn 0.33798 0.12159 -0.93327
vn 0.13334 0.10699 -0.98528
vn -0.33798 0.12159 -0.93326
vn -0.13334 0.10699 -0.98528
vn -0.53621 0.13104 -0.83385
vn -0.83385 0.13104 -0.53621
vn -0.93326 0.12159 -0.33798
vn -0.98528 0.10699 -0.13334
vn 0 0 -1
vn -1 0 0
vn 1 0 0
vn 0 0 1
vt 0.9898 0.82929
vt 0.82108 0.98488
vt 0.9898 0.98488
vt 0.82108 0.82929
vt 0.9898 0.66759
vt 0.82108 0.66759
vt 0.9898 0.51199
vt 0.82108 0.51199
vt 0.6344 0.93955
vt 0.00534 0.52051
vt 0.00534 0.93955
vt 0.6344 0.52051
vt 0.99577 0.47474
vt 0.00557 0.05453
vt 0.00557 0.47474
vt 0.99577 0.05453
usemtl mat1
f 1946/732/952 1947/733/953 1948/734/953
f 1946/732/952 1949/735/954 1947/733/953
f 1946/732/952 1950/736/955 1949/735/954
f 1950/736/955 1951/737/956 1949/735/954
f 1950/736/955 1952/738/957 1951/737/956
f 1952/738/957 1953/739/957 1951/737/956
f 1954/732/958 1955/733/959 1956/734/959
f 1954/732/958 1957/735/960 1955/733/959
f 1954/732/958 1958/736/961 1957/735/960
f 1958/736/961 1959/737/962 1957/735/960
f 1958/736/961 1960/738/963 1959/737/962
f 1960/738/963 1961/739/963 1959/737/962
f 1962/732/964 1963/733/965 1964/734/965
f 1962/732/964 1965/735/966 1963/733/965
f 1962/732/964 1966/736/967 1965/735/966
f 1966/736/967 1967/737/968 1965/735/966
f 1966/736/967 1968/738/969 1967/737/968
f 1968/738/969 1969/739/969 1967/737/968
f 1970/732/970 1971/733/971 1972/734/971
f 1970/732/970 1973/735/972 1971/733/971
f 1970/732/970 1974/736/973 1973/735/972
f 1974/736/973 1975/737/974 1973/735/972
f 1974/736/973 1976/738/975 1975/737/974
f 1976/738/975 1977/739/975 1975/737/974
f 1978/740/976 1979/741/976 1980/742/976
f 1978/740/976 1981/743/976 1979/741/976
f 1982/744/977 1983/745/977 1984/746/977
f 1982/744/977 1985/747/977 1983/745/977
f 1986/744/978 1987/745/978 1988/746/978
f 1986/744/978 1989/747/978 1987/745/978
f 1990/740/979 1991/741/979 1992/742/979
f 1990/740/979 1993/743/979 1991/741/979
# Vertices: 48, normals: 28, texture coordinates: 16, faces: 32

o obj11
v 14.52190018 8.3E-07 -18.90250015
v 14.08749962 4.80363906 18.90250036
v 14.52190018 -8.3E-07 18.90250015
v 14.08749962 4.80364072 -18.90249994
v -12.00450039 4.80363904 19.39900038
v 12.00450039 -8.6E-07 19.73730087
v 12.00450039 4.80363904 19.39900038
v -12.00450039 -8.6E-07 19.73730087
v -14.57380009 -8.3E-07 18.90250015
v -14.13860035 4.80364072 -18.90249994
v -14.57380009 8.3E-07 -18.90250015
v -14.13860035 4.80363906 18.90250036
v 12.00450039 4.80364074 -19.39899996
v -12.00450039 8.6E-07 -19.73730087
v -12.00450039 4.80364074 -19.39899996
v 12.00450039 8.6E-07 -19.73730087
v 14.08749962 4.80363906 18.90250036
v 14.52190018 8.3E-07 -18.90250015
v 14.52190018 -8.3E-07 18.90250015
v 14.08749962 4.80364072 -18.90249994
v 12.00450039 -8.6E-07 19.73730087
v -12.00450039 4.80363904 19.39900038
v 12.00450039 4.80363904 19.39900038
v -12.00450039 -8.6E-07 19.73730087
v -14.13860035 4.80364072 -18.90249994
v -14.57380009 -8.3E-07 18.90250015
v -14.57380009 8.3E-07 -18.90250015
v -14.13860035 4.80363906 18.90250036
v -12.00450039 8.6E-07 -19.73730087
v 12.00450039 4.80364074 -19.39899996
v -12.00450039 4.80364074 -19.39899996
v 12.00450039 8.6E-07 -19.73730087
vn 0.99594 0.09006 0
vn 0 0.07026 0.99753
vn -0.99592 0.09023 0
vn 0 0.07026 -0.99753
vn -0.99594 -0.09006 0
vn 0 -0.07026 -0.99753
vn 0.99592 -0.09023 0
vn 0 -0.07026 0.99753
vt 0.99594 0.04948
vt 0.61611 0.0029
vt 0.61611 0.04948
vt 0.99594 0.0029
vt 0.36659 0.0029
vt 0.60781 0.04917
vt 0.60781 0.0029
vt 0.36659 0.04917
usemtl mat0
f 1994/748/980 1995/749/980 1996/750/980
f 1994/748/980 1997/751/980 1995/749/980
f 1998/752/981 1999/753/981 2000/754/981
f 1998/752/981 2001/755/981 1999/753/981
f 2002/748/982 2003/749/982 2004/750/982
f 2002/748/982 2005/751/982 2003/749/982
f 2006/752/983 2007/753/983 2008/754/983
f 2006/752/983 2009/755/983 2007/753/983
f 2010/751/984 2011/750/984 2012/748/984
f 2010/751/984 2013/749/984 2011/750/984
f 2014/755/985 2015/754/985 2016/752/985
f 2014/755/985 2017/753/985 2015/754/985
f 2018/751/986 2019/750/986 2020/748/986
f 2018/751/986 2021/749/986 2019/750/986
f 2022/755/987 2023/754/987 2024/752/987
f 2022/755/987 2025/753/987 2023/754/987
# Vertices: 32, normals: 8, texture coordinates: 8, faces: 16

o obj12
v 15.00840092 9.37755008 0.92336648
v 14.58790016 9.37436896 15.24160045
v 16.39450073 4.46337926 13.61320038
v 13.19699955 10.6502994 14.23490094
v 16.25 4.09492007 1.91268021
v 13.40719986 10.68739982 0.92336648
v 14.28450012 9.02927995 -5.62496956
v 13.04529953 10.27760053 -5.60088971
v 14.63300037 4.0519692 18.4421007
v 11.15019989 10.55949902 16.48049973
v 13.98419952 8.69020955 18.12210121
v 15.81439972 4.2490704 -5.29066973
v 11.15019989 10.71580053 -5.57680941
v 11.15019989 11.1159996 13.22810031
v 11.15019989 11.18710037 0.9233665
v -1.11E-06 9.70402921 18.90250058
v -1.16E-06 7.53413925 19.70560107
v 15.09290028 7.53413925 19.70560107
v -1.17E-06 11.72439953 0.92336652
v -1.11E-06 11.37549997 -5.57680939
v -1.09E-06 11.12459969 16.48049975
v 0 11.65329971 13.22810033
v -11.15019989 10.71580053 -5.57680941
v -11.15019989 11.18710037 0.9233665
v -11.15019989 11.1159996 13.22810031
v -11.15019989 10.55949902 16.48049973
v -13.40719986 10.68739982 0.92336648
v -13.19699955 10.6502994 14.23490094
v -15.00840092 9.37755008 0.92336648
v -14.58790016 9.37436896 15.24160045
v -13.04529953 10.27760053 -5.60088971
v -13.98419952 8.69020955 18.12210121
v -14.28450012 9.02927995 -5.62496956
v -15.09290028 7.53413925 19.70560107
v -16.39450073 4.46337926 13.61320038
v -14.63300037 4.0519692 18.4421007
v -16.25 4.09492007 1.91268021
v -15.81439972 4.2490704 -5.29067975
v 14.97690105 9.78497075 -10.77980094
v 17.13489914 4.85022045 -5.62595966
v 16.6882 4.30043027 -10.20079975
v 14.87730026 9.53946044 -5.93787962
v 14.47469997 9.39724022 -12.24400002
v 13.30370045 10.90080001 -5.95655966
v 13.14039993 10.46020085 -12.2658992
v 13.28999996 11.20180082 -10.92339944
v 14.28450012 9.02927995 -5.62496956
v 15.81439972 4.2490704 -5.29066973
v 15.65820026 4.05197054 -12.12530023
v 11.07419968 11.45189979 -5.97524927
v 13.04529953 10.27760053 -5.60088971
v 11.15019989 10.71580053 -5.57680941
v 11.15019989 9.15345054 -12.0546995
v 11.15019989 10.7129007 -12.28769923
v 14.08749962 9.10513074 -12.34230002
v 14.20979977 4.05197054 -12.21119958
v -1.11E-06 11.37549997 -5.57680939
v 10.60000038 11.80850077 -11.06689974
v 0 12.20630004 -5.97524923
v -1.24E-06 9.15345055 -12.33099993
v -1.09E-06 12.71190025 -11.34329931
v -1.11E-06 11.25020082 -12.56409977
v -14.97690105 9.78497075 -10.77980094
v -16.6882 4.30043027 -10.20079975
v -17.13489914 4.85022045 -5.62595966
v -14.47469997 9.39724022 -12.24400002
v -14.87730026 9.53946044 -5.93787962
v -13.14039993 10.46020085 -12.2658992
v -13.30370045 10.90080001 -5.95655966
v -13.28999996 11.20180082 -10.92339944
v -15.65820026 4.05197054 -12.12530023
v -14.28450012 9.02927995 -5.62496956
v -15.81439972 4.2490704 -5.29067975
v -11.15019989 10.7129007 -12.28769923
v -11.15019989 9.15345054 -12.0546995
v -13.04529953 10.27760053 -5.60088971
v -11.07419968 11.45189979 -5.97524927
v -11.15019989 10.71580053 -5.57680941
v -14.08749962 9.10513074 -12.34230002
v -14.20979977 4.05197054 -12.21119958
v -10.60000038 11.80850077 -11.06689974
v 2.41624999 10.41000057 -16.53449967
v 0.294397 9.15932041 -12.12219961
v 0.15666801 12.91890026 -16.56019917
v 2.48165989 8.9509608 -14.75609931
v 5.41984987 12.80400062 -16.42460004
v 7.65984011 9.04615086 -14.86839922
v 7.59441996 10.50520111 -16.64679863
v 10.06200027 13.190501 -16.88089885
v 10.20440006 9.32360035 -12.31609971
v 7.59361982 13.30870023 -14.30919971
v 2.4819901 11.71700055 -12.39799925
v 7.66016006 11.81210096 -12.51029917
v 2.41544008 13.21350064 -14.19679965
v 10.20440006 9.32360035 -12.31609971
v 5.41984987 12.80400062 -16.42460004
v 10.06200027 13.190501 -16.88089885
v 0.294397 9.15932041 -12.12219961
v 0.15666801 12.91890026 -16.56019917
v -7.86534977 10.45190025 -16.58799889
v -10.08969975 9.23792034 -12.21499975
v -10.08370018 12.9985006 -16.65419903
v -7.85677004 8.99222057 -14.80889949
v -4.82650995 12.79960037 -16.4193987
v -2.67652988 9.00471085 -14.82359942
v -2.68511009 10.46440102 -16.60269882
v -0.171037 13.11190106 -16.78809872
v -0.176404 9.24392086 -12.22209985
v -2.68520999 13.26990095 -14.2633995
v -7.85671997 11.76030023 -12.44909903
v -2.67649007 11.77270085 -12.46379992
v -7.86544991 13.25740018 -14.24859943
v -0.176404 9.24392086 -12.22209985
v -4.82650995 12.79960037 -16.4193987
v -0.171037 13.11190106 -16.78809872
v -10.08969975 9.23792034 -12.21499975
v -10.08370018 12.9985006 -16.65419903
v 14.08749962 9.15345054 -12.09999998
v -13.66489983 8.74133891 17.62369957
v 13.64430046 8.74480933 17.62369957
v -14.13860035 9.15345054 -12.09999998
v 14.08749962 4.80364042 -12.10000017
v -14.13860035 9.15345084 -18.90249975
v 14.08749962 9.15345084 -18.90249975
v 14.08749962 4.80363906 18.90250036
v -14.13860035 4.80364042 -12.10000017
v -14.13860035 4.80363906 18.90250036
v -14.13860035 4.80363906 18.90250036
v 14.08749962 4.80364072 -18.90249994
v 14.08749962 4.80363906 18.90250036
v -14.13860035 4.80364072 -18.90249994
v -14.13860035 4.80364072 -18.90249994
v 14.08749962 4.80364072 -18.90249994
v -13.83430004 7.0086291 16.1026004
v -13.9236002 7.01086917 18.47970039
v -13.93900013 7.00863006 -5.97012966
v -14.05029964 6.73939038 -11.10849923
v -15.65820026 4.05197054 -12.12530023
v -14.20979977 4.05197054 -12.21119958
v -16.6882 4.30043027 -10.20079975
v -17.13489914 4.85022045 -5.62595966
v -13.93900013 7.00863006 -5.97012966
v -15.81439972 4.2490704 -5.29067975
v 13.83430004 7.0086291 16.1026004
v 13.9236002 7.01086917 18.47970039
v 13.93900013 7.00863006 -5.97012966
v 14.05029964 6.73939038 -11.10849923
v 14.20979977 4.05197054 -12.21119958
v 15.65820026 4.05197054 -12.12530023
v 16.6882 4.30043027 -10.20079975
v 17.13489914 4.85022045 -5.62595966
v 13.93900013 7.00863006 -5.97012966
v 15.81439972 4.2490704 -5.29066973
vn 0.82599 0.56216 -0.04133
vn 0.78554 0.56796 0.24564
vn 0.9567 0.26443 0.12167
vn 0.43556 0.8906 0.13086
vn 0.96756 0.24466 -0.06298
vn 0.36546 0.93018 -0.03478
vn 0.90417 0.4158 -0.09793
vn 0.53533 0.83946 -0.09342
vn 0.93753 0.18509 0.29459
vn 0.1995 0.90114 0.3849
vn 0.35884 0.68017 0.63922
vn 0.95219 0.30118 -0.05114
vn 0.13708 0.98824 -0.06769
vn 0.12083 0.98893 0.08608
vn 0.11569 0.99297 -0.02524
vn 0 0.67553 0.73733
vn 0 0.60342 0.79743
vn 0 0.80766 0.58965
vn 0 0.9992 -0.04007
vn 0 0.99856 -0.0536
vn 0 0.95926 0.28254
vn 0 0.99835 0.0575
vn -0.13708 0.98824 -0.06769
vn -0.11569 0.99297 -0.02524
vn -0.12083 0.98893 0.08608
vn -0.1995 0.90114 0.3849
vn -0.36546 0.93018 -0.03478
vn -0.43556 0.8906 0.13086
vn -0.82599 0.56216 -0.04133
vn -0.78554 0.56796 0.24564
vn -0.53533 0.83946 -0.09342
vn -0.35884 0.68017 0.63922
vn -0.90417 0.4158 -0.09793
vn -0.9567 0.26443 0.12167
vn -0.93753 0.18509 0.2946
vn -0.96756 0.24466 -0.06298
vn -0.95219 0.30118 -0.05114
vn 0.79016 0.58598 -0.17966
vn 0.74516 0.33577 0.57619
vn 0.9133 0.23737 -0.33097
vn 0.5753 0.47669 0.66468
vn 0.48443 0.2987 -0.82226
vn 0.40261 0.73863 0.54067
vn 0.30404 0.4974 -0.8125
vn 0.36161 0.8991 -0.2467
vn 0.25738 0.19771 0.94587
vn 0.18872 0.12849 0.97359
vn 0.42115 0.06748 -0.90448
vn 0.13306 0.83082 0.5404
vn 0.23488 0.36229 0.90198
vn 0.08563 0.47225 0.8773
vn -0.02985 0.00882 -0.99952
vn 0.07985 0.3868 -0.9187
vn 0.06963 0.14325 -0.98723
vn 0.05918 -0.02446 -0.99795
vn 0 0.45548 0.89024
vn 0.1277 0.93503 -0.33078
vn 0 0.91625 0.40061
vn 0 -0.12918 -0.99162
vn 0 0.92465 -0.38082
vn 0 0.46968 -0.88284
vn -0.79016 0.58598 -0.17966
vn -0.9133 0.23737 -0.33097
vn -0.74516 0.33577 0.57619
vn -0.48443 0.2987 -0.82226
vn -0.5753 0.47669 0.66468
vn -0.30404 0.4974 -0.8125
vn -0.40261 0.73863 0.54067
vn -0.36161 0.8991 -0.2467
vn -0.42115 0.06748 -0.90448
vn -0.25738 0.19771 0.94587
vn -0.18872 0.12849 0.97359
vn -0.07985 0.3868 -0.9187
vn 0.02985 0.00882 -0.99952
vn -0.23488 0.36229 0.90198
vn -0.13306 0.83082 0.5404
vn -0.08563 0.47225 0.8773
vn -0.06963 0.14325 -0.98723
vn -0.05918 -0.02446 -0.99795
vn -0.1277 0.93503 -0.33078
vn -0.24821 -0.51615 -0.81975
vn -0.64537 -0.48115 0.59328
vn -0.63185 0.51968 -0.57507
vn -0.23024 -0.89492 -0.38224
vn -0.04054 0.65709 -0.75272
vn 0.14059 -0.92325 -0.35754
vn 0.25103 -0.44559 -0.85932
vn 0.53916 0.56315 -0.62623
vn 0.8696 -0.3068 0.38687
vn 0.19694 0.90695 0.37237
vn -0.16736 0.6136 0.77168
vn 0.17365 0.44523 0.87842
vn -0.28788 0.90787 0.30478
vn -0.66406 -0.47029 0.58124
vn -0.61256 0.52996 -0.58643
vn -0.01585 0.6578 -0.75302
vn 0.55986 0.55473 -0.6155
vn 0.85717 -0.32019 0.40342
vn 0.44717 0.8944 0.00951
vn -0.51037 0.70086 0.49832
vn 0.7561 0.5387 0.37165
vn -0.70706 0.70707 0.01054
vn 0.9996 0.02797 0.00373
vn -0.66667 0.66667 -0.33333
vn 0.66667 0.33333 -0.66667
vn 0.43839 0.32172 0.83923
vn -0.99954 0.0299 0.00399
vn -0.68944 0.29742 0.66046
vn 0.70711 0 -0.70711
vn -0.44721 0 -0.89443
vn 0.84128 -0.53599 -0.07037
vn 0.97168 -0.23345 0.03671
vn 0.91637 -0.36948 -0.1541
vn 0.76868 -0.62021 -0.15642
vn 0.76949 -0.63827 0.02209
vn 0.67655 -0.68809 -0.26233
vn 0.59828 -0.55007 -0.58266
vn 0.5643 -0.70077 0.43644
vn 0.40594 -0.52571 0.74756
vn 0.05471 -0.3818 0.92262
vn 0.70117 -0.64644 0.30079
vn 0.56664 -0.76028 -0.31764
vn -0.84128 -0.53599 -0.07037
vn -0.91637 -0.36948 -0.1541
vn -0.97168 -0.23345 0.03671
vn -0.76868 -0.62021 -0.15642
vn -0.7695 -0.63827 0.02209
vn -0.67655 -0.68809 -0.26233
vn -0.59828 -0.55007 -0.58266
vn -0.5643 -0.70077 0.43644
vn -0.05471 -0.3818 0.92262
vn -0.40594 -0.52571 0.74756
vn -0.70117 -0.64644 0.30079
vn -0.56664 -0.76028 -0.31764
vt 0.41534 0.27056
vt 0.41297 0.42663
vt 0.47135 0.40885
vt 0.38944 0.41567
vt 0.47555 0.28132
vt 0.39063 0.27057
vt 0.4132 0.2004
vt 0.38956 0.20068
vt 0.43754 0.48012
vt 0.36595 0.44015
vt 0.39828 0.46989
vt 0.47379 0.20402
vt 0.36592 0.20095
vt 0.36592 0.40471
vt 0.36592 0.27059
vt 0.23883 0.46989
vt 0.23883 0.49263
vt 0.41092 0.49263
vt 0.23883 0.27059
vt 0.23883 0.20095
vt 0.23883 0.44015
vt 0.23883 0.40471
vt 0.11173 0.20095
vt 0.11173 0.27059
vt 0.11173 0.40471
vt 0.11171 0.44015
vt 0.08702 0.27057
vt 0.08821 0.41567
vt 0.06231 0.27056
vt 0.06469 0.42663
vt 0.08809 0.20068
vt 0.07938 0.46989
vt 0.06446 0.2004
vt 0.06674 0.49263
vt 0.00631 0.40885
vt 0.04012 0.48012
vt 0.00211 0.28132
vt 0.00387 0.20402
vt 0.41284 0.13554
vt 0.46694 0.18794
vt 0.47321 0.14183
vt 0.41367 0.18794
vt 0.41219 0.11064
vt 0.38936 0.18794
vt 0.38906 0.11064
vt 0.38625 0.13399
vt 0.4132 0.19797
vt 0.47379 0.20158
vt 0.47604 0.11064
vt 0.36506 0.18794
vt 0.38956 0.19824
vt 0.36592 0.19852
vt 0.36592 0.09593
vt 0.36592 0.11064
vt 0.41165 0.09593
vt 0.47604 0.09593
vt 0.23883 0.19852
vt 0.35965 0.13244
vt 0.23883 0.18794
vt 0.23883 0.09593
vt 0.23883 0.12943
vt 0.23883 0.11064
vt 0.06481 0.13554
vt 0.00445 0.14183
vt 0.01071 0.18794
vt 0.06547 0.11064
vt 0.06398 0.18794
vt 0.0886 0.11064
vt 0.08829 0.18794
vt 0.09141 0.13399
vt 0.00161 0.11064
vt 0.06445 0.19797
vt 0.00386 0.20158
vt 0.11173 0.11064
vt 0.11173 0.09593
vt 0.08809 0.19824
vt 0.1126 0.18794
vt 0.11173 0.19852
vt 0.06601 0.09593
vt 0.00161 0.09593
vt 0.11801 0.13244
vt 0.96746 0.6089
vt 0.99625 0.66176
vt 0.9959 0.58698
vt 0.96746 0.63847
vt 0.92834 0.59119
vt 0.90089 0.63847
vt 0.90089 0.6089
vt 0.86848 0.5852
vt 0.86884 0.66211
vt 0.96375 0.52588
vt 0.89717 0.55344
vt 0.96375 0.55344
vt 0.89717 0.52588
vt 0.9958 0.57946
vt 0.9363 0.50854
vt 0.99615 0.50255
vt 0.86839 0.57911
vt 0.86874 0.50433
vt 0.31312 0.07292
vt 0.04499 0.08666
vt 0.31312 0.08666
vt 0.04499 0.07292
vt 0.35444 0.07292
vt 0.04499 0.00831
vt 0.31312 0.00831
vt 0.31312 0.08925
vt 0.00367 0.07292
vt 0.04499 0.08925
vt 0.00367 0.08666
vt 0.35444 0.00831
vt 0.35444 0.08666
vt 0.00367 0.00831
vt 0.04499 0.00181
vt 0.31312 0.00181
vt 0.06469 0.43562
vt 0.06601 0.282
vt 0.00162 0.28198
vt 0.00162 0.25767
vt 0.00162 0.31317
vt 0.00162 0.37401
vt 0.06446 0.37315
vt 0.00162 0.38765
vt 0.41297 0.43562
vt 0.41165 0.282
vt 0.47604 0.25767
vt 0.47604 0.28198
vt 0.47604 0.31317
vt 0.47604 0.37401
vt 0.4132 0.37315
vt 0.47604 0.38765
usemtl mat0
f 2026/756/988 2027/757/989 2028/758/990
f 2026/756/988 2029/759/991 2027/757/989
f 2026/756/988 2028/758/990 2030/760/992
f 2026/756/988 2031/761/993 2029/759/991
f 2026/756/988 2030/760/992 2032/762/994
f 2026/756/988 2033/763/995 2031/761/993
f 2026/756/988 2032/762/994 2033/763/995
f 2027/757/989 2034/764/996 2028/758/990
f 2027/757/989 2029/759/991 2035/765/997
f 2027/757/989 2036/766/998 2034/764/996
f 2027/757/989 2035/765/997 2036/766/998
f 2030/760/992 2037/767/999 2032/762/994
f 2031/761/993 2033/763/995 2038/768/1000
f 2031/761/993 2039/769/1001 2029/759/991
f 2031/761/993 2038/768/1000 2040/770/1002
f 2031/761/993 2040/770/1002 2039/769/1001
f 2029/759/991 2039/769/1001 2035/765/997
f 2036/766/998 2035/765/997 2041/771/1003
f 2036/766/998 2041/771/1003 2042/772/1004
f 2036/766/998 2042/772/1004 2043/773/1005
f 2038/768/1000 2044/774/1006 2040/770/1002
f 2038/768/1000 2045/775/1007 2044/774/1006
f 2039/769/1001 2046/776/1008 2035/765/997
f 2039/769/1001 2040/770/1002 2047/777/1009
f 2039/769/1001 2047/777/1009 2046/776/1008
f 2046/776/1008 2041/771/1003 2035/765/997
f 2040/770/1002 2044/774/1006 2047/777/1009
f 2045/775/1007 2048/778/1010 2044/774/1006
f 2047/777/1009 2044/774/1006 2049/779/1011
f 2047/777/1009 2049/779/1011 2050/780/1012
f 2047/777/1009 2050/780/1012 2046/776/1008
f 2044/774/1006 2048/778/1010 2049/779/1011
f 2050/780/1012 2051/781/1013 2046/776/1008
f 2050/780/1012 2049/779/1011 2052/782/1014
f 2050/780/1012 2053/783/1015 2051/781/1013
f 2050/780/1012 2052/782/1014 2053/783/1015
f 2049/779/1011 2048/778/1010 2052/782/1014
f 2046/776/1008 2051/781/1013 2041/771/1003
f 2053/783/1015 2052/782/1014 2054/784/1016
f 2053/783/1015 2055/785/1017 2051/781/1013
f 2053/783/1015 2054/784/1016 2055/785/1017
f 2048/778/1010 2056/786/1018 2052/782/1014
f 2052/782/1014 2056/786/1018 2054/784/1016
f 2041/771/1003 2051/781/1013 2057/787/1019
f 2041/771/1003 2057/787/1019 2042/772/1004
f 2051/781/1013 2055/785/1017 2057/787/1019
f 2056/786/1018 2058/788/1020 2054/784/1016
f 2042/772/1004 2057/787/1019 2059/789/1005
f 2055/785/1017 2054/784/1016 2060/790/1021
f 2055/785/1017 2061/791/1022 2057/787/1019
f 2055/785/1017 2060/790/1021 2061/791/1022
f 2058/788/1020 2062/792/1023 2054/784/1016
f 2058/788/1020 2063/793/1024 2062/792/1023
f 2062/792/1023 2060/790/1021 2054/784/1016
f 2064/794/1025 2065/795/1026 2066/796/1027
f 2064/794/1025 2067/797/1028 2065/795/1026
f 2064/794/1025 2066/796/1027 2068/798/1029
f 2064/794/1025 2069/799/1030 2067/797/1028
f 2064/794/1025 2068/798/1029 2070/800/1031
f 2064/794/1025 2071/801/1032 2069/799/1030
f 2064/794/1025 2070/800/1031 2071/801/1032
f 2065/795/1026 2067/797/1028 2072/802/1033
f 2065/795/1026 2072/802/1033 2073/803/1034
f 2066/796/1027 2074/804/1035 2068/798/1029
f 2069/799/1030 2071/801/1032 2075/805/1036
f 2069/799/1030 2076/806/1037 2067/797/1028
f 2069/799/1030 2075/805/1036 2077/807/1038
f 2069/799/1030 2077/807/1038 2076/806/1037
f 2076/806/1037 2072/802/1033 2067/797/1028
f 2070/800/1031 2068/798/1029 2078/808/1039
f 2070/800/1031 2079/809/1040 2071/801/1032
f 2070/800/1031 2078/808/1039 2079/809/1040
f 2074/804/1035 2080/810/1041 2068/798/1029
f 2074/804/1035 2081/811/1042 2080/810/1041
f 2080/810/1041 2078/808/1039 2068/798/1029
f 2075/805/1036 2082/812/1043 2077/807/1038
f 2075/805/1036 2071/801/1032 2083/813/1044
f 2075/805/1036 2084/814/1045 2082/812/1043
f 2075/805/1036 2083/813/1044 2084/814/1045
f 2071/801/1032 2079/809/1040 2083/813/1044
f 2078/808/1039 2085/815/1046 2079/809/1040
f 2084/814/1045 2083/813/1044 2086/816/1047
f 2085/815/1046 2087/817/1048 2079/809/1040
f 2087/817/1048 2086/816/1047 2083/813/1044
f 2087/817/1048 2083/813/1044 2079/809/1040
f 2088/818/1049 2089/819/1050 2090/820/1051
f 2088/818/1049 2091/821/1052 2089/819/1050
f 2088/818/1049 2090/820/1051 2092/822/1053
f 2088/818/1049 2093/823/1054 2091/821/1052
f 2088/818/1049 2092/822/1053 2094/824/1055
f 2088/818/1049 2095/825/1056 2093/823/1054
f 2088/818/1049 2094/824/1055 2095/825/1056
f 2089/819/1050 2091/821/1052 2096/826/1057
f 2090/820/1051 2097/827/1058 2092/822/1053
f 2090/820/1051 2098/828/1059 2097/827/1058
f 2093/823/1054 2095/825/1056 2099/829/1060
f 2093/823/1054 2100/830/1061 2091/821/1052
f 2093/823/1054 2099/829/1060 2100/830/1061
f 2094/824/1055 2092/822/1053 2101/831/1062
f 2094/824/1055 2102/832/1063 2095/825/1056
f 2094/824/1055 2101/831/1062 2103/833/1064
f 2094/824/1055 2103/833/1064 2102/832/1063
f 2101/831/1062 2092/822/1053 2097/827/1058
f 2096/826/1057 2091/821/1052 2104/834/1065
f 2096/826/1057 2104/834/1065 2105/835/1066
f 2104/834/1065 2091/821/1052 2100/830/1061
f 2099/829/1060 2095/825/1056 2106/836/1067
f 2099/829/1060 2085/815/1046 2100/830/1061
f 2099/829/1060 2106/836/1067 2087/817/1048
f 2099/829/1060 2087/817/1048 2085/815/1046
f 2095/825/1056 2102/832/1063 2106/836/1067
f 2103/833/1064 2082/812/1043 2102/832/1063
f 2087/817/1048 2106/836/1067 2086/816/1047
f 2082/812/1043 2084/814/1045 2102/832/1063
f 2084/814/1045 2106/836/1067 2102/832/1063
f 2084/814/1045 2086/816/1047 2106/836/1067
f 2107/837/1068 2108/838/1069 2109/839/1070
f 2107/837/1068 2110/840/1071 2108/838/1069
f 2107/837/1068 2109/839/1070 2111/841/1072
f 2107/837/1068 2112/842/1073 2110/840/1071
f 2107/837/1068 2111/841/1072 2113/843/1074
f 2107/837/1068 2113/843/1074 2112/842/1073
f 2110/840/1071 2112/842/1073 2108/838/1069
f 2111/841/1072 2114/844/1075 2113/843/1074
f 2112/842/1073 2115/845/1076 2108/838/1069
f 2112/842/1073 2113/843/1074 2115/845/1076
f 2115/845/1076 2113/843/1074 2114/844/1075
f 2116/846/1077 2117/847/1078 2118/848/1079
f 2116/846/1077 2119/849/1080 2117/847/1078
f 2116/846/1077 2118/848/1079 2120/850/1076
f 2116/846/1077 2121/851/1072 2119/849/1080
f 2116/846/1077 2120/850/1076 2122/852/1075
f 2116/846/1077 2122/852/1075 2121/851/1072
f 2117/847/1078 2123/853/1069 2118/848/1079
f 2117/847/1078 2119/849/1080 2123/853/1069
f 2118/848/1079 2123/853/1069 2120/850/1076
f 2121/851/1072 2124/854/1070 2119/849/1080
f 2119/849/1080 2124/854/1070 2123/853/1069
f 2125/837/1068 2126/838/1081 2127/839/1082
f 2125/837/1068 2128/840/1071 2126/838/1081
f 2125/837/1068 2127/839/1082 2129/841/1083
f 2125/837/1068 2130/842/1073 2128/840/1071
f 2125/837/1068 2129/841/1083 2131/843/1074
f 2125/837/1068 2131/843/1074 2130/842/1073
f 2128/840/1071 2130/842/1073 2126/838/1081
f 2129/841/1083 2132/844/1084 2131/843/1074
f 2130/842/1073 2133/845/1085 2126/838/1081
f 2130/842/1073 2131/843/1074 2133/845/1085
f 2133/845/1085 2131/843/1074 2132/844/1084
f 2134/846/997 2135/847/1078 2136/848/1079
f 2134/846/997 2137/849/1080 2135/847/1078
f 2134/846/997 2136/848/1079 2138/850/1085
f 2134/846/997 2139/851/1083 2137/849/1080
f 2134/846/997 2138/850/1085 2140/852/1084
f 2134/846/997 2140/852/1084 2139/851/1083
f 2135/847/1078 2141/853/1081 2136/848/1079
f 2135/847/1078 2137/849/1080 2141/853/1081
f 2136/848/1079 2141/853/1081 2138/850/1085
f 2139/851/1083 2142/854/1082 2137/849/1080
f 2137/849/1080 2142/854/1082 2141/853/1081
f 2143/855/1086 2144/856/1087 2145/857/1088
f 2143/855/1086 2146/858/1089 2144/856/1087
f 2143/855/1086 2145/857/1088 2147/859/1090
f 2143/855/1086 2148/860/1091 2146/858/1089
f 2143/855/1086 2147/859/1090 2149/861/1092
f 2143/855/1086 2149/861/1092 2148/860/1091
f 2144/856/1087 2150/862/1093 2145/857/1088
f 2144/856/1087 2146/858/1089 2151/863/1094
f 2144/856/1087 2152/864/1095 2150/862/1093
f 2144/856/1087 2151/863/1094 2153/865/1095
f 2146/858/1089 2148/860/1091 2151/863/1094
f 2147/859/1090 2154/866/1096 2149/861/1092
f 2147/859/1090 2145/857/1088 2155/867/1093
f 2148/860/1091 2156/868/1097 2151/863/1094
f 2148/860/1091 2149/861/1092 2157/869/1097
f 2149/861/1092 2158/870/1096 2157/869/1097
f 2159/871/1098 2160/787/1099 2061/791/1100
f 2159/871/1098 2061/791/1100 2060/790/1101
f 2159/871/1098 2060/790/1101 2062/792/1102
f 2159/871/1098 2062/792/1102 2161/788/1103
f 2062/792/1102 2063/793/1104 2161/788/1103
f 2162/872/1105 2163/873/1106 2164/874/1107
f 2162/872/1105 2165/875/1108 2163/873/1106
f 2162/872/1105 2166/876/1109 2165/875/1108
f 2162/872/1105 2167/877/1103 2166/876/1109
f 2167/877/1103 2168/878/1104 2166/876/1109
f 2169/879/1110 2034/764/1111 2170/766/1112
f 2169/879/1110 2028/758/1113 2034/764/1111
f 2169/879/1110 2030/760/1114 2028/758/1113
f 2169/879/1110 2171/762/1115 2030/760/1114
f 2171/762/1115 2037/767/1116 2030/760/1114
f 2172/880/1117 2173/881/1118 2174/882/1119
f 2172/880/1117 2174/882/1119 2175/883/1120
f 2172/880/1117 2175/883/1120 2176/884/1121
f 2172/880/1117 2176/884/1121 2177/885/1115
f 2176/884/1121 2178/886/1116 2177/885/1115
# Vertices: 153, normals: 134, texture coordinates: 131, faces: 196

o obj13
v 9.06552982 13.96010092 -17.08859955
v 2.60173011 11.28040099 -16.34979962
v 8.98188972 11.08990073 -16.37829923
v 2.68727994 14.16150071 -16.70509849
v 11.97809982 9.06343059 -17.40940054
v 6.47806978 15.66670116 -18.19309929
v 12.23110008 16.06889995 -18.23649908
v -0.230331 9.4620512 -17.35600049
v 0.016615 16.26300128 -18.17669988
v -9.48371983 13.62570085 -19.5978998
v -11.42689991 9.02504041 -16.94079932
v -12.19349957 15.23130112 -17.55139857
v -9.14474964 10.7857007 -19.55219985
v -5.76395988 15.58310112 -18.35359887
v -2.84855008 11.52520078 -20.29689929
v -3.14249992 14.32940094 -19.99729857
v -0.162209 16.81500136 -18.95649836
v 0.76557899 9.05269036 -18.52840003
v -2.80131006 14.0897005 -17.35040031
v -8.7049799 10.42320036 -16.19359925
v -2.40877008 11.16270044 -16.93819951
v -9.09751987 13.35020043 -16.60580005
v 0.76557899 9.05269036 -18.52840003
v -5.76395988 15.58310112 -18.35359887
v -0.162209 16.81500136 -18.95649836
v -11.42689991 9.02504041 -16.94079932
v -12.19349957 15.23130112 -17.55139857
v 2.67117 14.0404004 -19.50439964
v -0.230331 9.4620512 -17.35600049
v 0.016615 16.26300128 -18.17669988
v 2.58714008 11.20860089 -19.38750027
v 6.47806978 15.66670116 -18.19309929
v 8.96730042 11.01810063 -19.41599988
v 9.05132961 13.8499011 -19.53289925
v 12.23110008 16.06889995 -18.23649908
v 11.97809982 9.06343059 -17.40940054
vn 0.14332 0.30932 0.9401
vn -0.08954 0.0032 0.99598
vn 0.11687 -0.13488 0.98395
vn -0.1308 0.3409 0.93095
vn 0.83043 -0.53567 0.1531
vn 0.03344 0.9994 -0.00886
vn 0.52671 0.84664 0.07601
vn -0.64224 -0.74451 0.18233
vn -0.54781 0.8366 -0.00231
vn -0.33974 0.22552 -0.91308
vn -0.51021 -0.82882 0.22964
vn -0.62574 0.74639 0.22662
vn -0.31164 -0.3799 -0.87096
vn -0.10511 0.99148 0.07699
vn 0.06165 -0.30047 -0.9518
vn 0.09731 0.32924 -0.93922
vn 0.41107 0.91149 0.01449
vn 0.92995 -0.36655 0.02895
vn 0.20502 0.29846 0.93214
vn 0.01491 -0.0824 0.99649
vn 0.2542 -0.23296 0.93868
vn -0.07637 0.30209 0.95021
vn -0.18734 0.1781 -0.96601
vn -0.22704 -0.29766 -0.92728
vn 0.10353 -0.35647 -0.92855
vn 0.20636 0.2073 -0.95627
vt 0.96047 0.35032
vt 0.8877 0.38045
vt 0.96047 0.38045
vt 0.8877 0.35032
vt 0.99549 0.40888
vt 0.93046 0.33137
vt 0.99587 0.32483
vt 0.85624 0.40849
vt 0.85663 0.32677
vt 0.96516 0.43827
vt 0.99662 0.49604
vt 0.99623 0.41432
vt 0.96516 0.47059
vt 0.92241 0.41892
vt 0.8924 0.47059
vt 0.8924 0.43827
vt 0.85699 0.41238
vt 0.85738 0.49643
usemtl mat0
f 2179/887/1122 2180/888/1123 2181/889/1124
f 2179/887/1122 2182/890/1125 2180/888/1123
f 2179/887/1122 2181/889/1124 2183/891/1126
f 2179/887/1122 2184/892/1127 2182/890/1125
f 2179/887/1122 2183/891/1126 2185/893/1128
f 2179/887/1122 2185/893/1128 2184/892/1127
f 2180/888/1123 2186/894/1129 2181/889/1124
f 2180/888/1123 2182/890/1125 2186/894/1129
f 2181/889/1124 2186/894/1129 2183/891/1126
f 2184/892/1127 2187/895/1130 2182/890/1125
f 2182/890/1125 2187/895/1130 2186/894/1129
f 2188/896/1131 2189/897/1132 2190/898/1133
f 2188/896/1131 2191/899/1134 2189/897/1132
f 2188/896/1131 2190/898/1133 2192/900/1135
f 2188/896/1131 2193/901/1136 2191/899/1134
f 2188/896/1131 2192/900/1135 2194/902/1137
f 2188/896/1131 2194/902/1137 2193/901/1136
f 2191/899/1134 2193/901/1136 2189/897/1132
f 2192/900/1135 2195/903/1138 2194/902/1137
f 2193/901/1136 2196/904/1139 2189/897/1132
f 2193/901/1136 2194/902/1137 2196/904/1139
f 2196/904/1139 2194/902/1137 2195/903/1138
f 2197/887/1140 2198/888/1141 2199/889/1142
f 2197/887/1140 2200/890/1143 2198/888/1141
f 2197/887/1140 2199/889/1142 2201/891/1139
f 2197/887/1140 2202/892/1135 2200/890/1143
f 2197/887/1140 2201/891/1139 2203/893/1138
f 2197/887/1140 2203/893/1138 2202/892/1135
f 2198/888/1141 2204/894/1132 2199/889/1142
f 2198/888/1141 2200/890/1143 2204/894/1132
f 2199/889/1142 2204/894/1132 2201/891/1139
f 2202/892/1135 2205/895/1133 2200/890/1143
f 2200/890/1143 2205/895/1133 2204/894/1132
f 2206/896/1144 2207/897/1129 2208/898/1130
f 2206/896/1144 2209/899/1145 2207/897/1129
f 2206/896/1144 2208/898/1130 2210/900/1127
f 2206/896/1144 2211/901/1146 2209/899/1145
f 2206/896/1144 2210/900/1127 2212/902/1147
f 2206/896/1144 2212/902/1147 2211/901/1146
f 2209/899/1145 2211/901/1146 2207/897/1129
f 2210/900/1127 2213/903/1128 2212/902/1147
f 2211/901/1146 2214/904/1126 2207/897/1129
f 2211/901/1146 2212/902/1147 2214/904/1126
f 2214/904/1126 2212/902/1147 2213/903/1128
# Vertices: 36, normals: 26, texture coordinates: 18, faces: 44

o obj14
v -14.00520039 33.22569949 20.36000206
v -13.46199989 33.22569946 20.9032016
v -13.57229996 34.91139891 21.31480179
v -14.44839954 20.91019922 20.47880073
v -14.41679955 34.91139895 20.4703022
v -14.13080025 20.91019928 19.293601
v -13.8064003 33.22569952 19.61800148
v -12.41870022 34.91139892 21.00570068
v -13.58080006 20.91019919 21.34630104
v -12.72000027 33.22569947 20.70440056
v -14.10770035 34.911399 19.31670151
v -14.07759953 11.47279941 19.34680035
v -12.94569969 20.91019929 18.97610184
v -12.96510029 11.47279942 19.04880002
v -12.10960007 34.91139897 19.8521019
v -14.3757 11.47279936 20.45929959
v -12.39560032 20.9101992 21.02879997
v -13.56130028 11.47279932 21.27360013
v -13.06439972 33.22569953 19.41920235
v -12.95409966 34.91139901 19.00760231
v -12.15079975 11.47279939 19.86310055
v -12.52120018 33.22569951 19.96240189
v -12.44880009 11.47279934 20.97559979
v -12.52120018 33.22569951 19.96240189
v -12.10960007 34.91139897 19.8521019
v -12.0781002 20.91019925 19.84360023
v -12.0781002 20.91019925 19.84360023
v -12.15079975 11.47279939 19.86310055
v -14.13080025 20.91020096 -19.29359917
v -14.07759953 11.4728011 -19.34679935
v -12.96510029 11.47280109 -19.04879901
v -14.44839954 20.91020101 -20.47879891
v -12.94569969 20.91020095 -18.97610001
v -14.00520039 33.22570127 -20.35999916
v -13.8064003 33.22570124 -19.61799858
v -14.3757 11.47280115 -20.45929859
v -12.15079975 11.47280112 -19.86309955
v -14.41679955 34.91140074 -20.47029915
v -13.06439972 33.22570123 -19.41919944
v -14.10770035 34.91140069 -19.31669846
v -13.58080006 20.91020105 -21.34629921
v -13.46199989 33.22570129 -20.9031987
v -12.0781002 20.91020099 -19.84359841
v -13.57229996 34.91140077 -21.31479874
v -12.95409966 34.91140067 -19.00759926
v -13.56130028 11.47280118 -21.27359912
v -12.52120018 33.22570125 -19.96239898
v -12.41870022 34.91140076 -21.00569763
v -12.39560032 20.91020104 -21.02879814
v -12.72000027 33.22570128 -20.70439766
v -12.10960007 34.91140071 -19.85209885
v -12.44880009 11.47280117 -20.97559879
v -12.10960007 34.91140071 -19.85209885
v -12.0781002 20.91020099 -19.84359841
v -12.52120018 33.22570125 -19.96239898
v -12.15079975 11.47280112 -19.86309955
v 12.39560032 20.91020104 -21.02879814
v 13.56130028 11.47280118 -21.27359912
v 12.44880009 11.47280117 -20.97559879
v 13.58080006 20.91020105 -21.34629921
v 12.0781002 20.91020099 -19.84359841
v 12.72000027 33.22570128 -20.70439766
v 12.52120018 33.22570125 -19.96239898
v 14.3757 11.47280115 -20.45929859
v 12.15079975 11.47280112 -19.86309955
v 12.10960007 34.91140071 -19.85209885
v 13.06439972 33.22570123 -19.41919944
v 12.95409966 34.91140067 -19.00759926
v 14.44839954 20.91020101 -20.47879891
v 13.46199989 33.22570129 -20.9031987
v 12.94569969 20.91020095 -18.97610001
v 12.96510029 11.47280109 -19.04879901
v 12.41870022 34.91140076 -21.00569763
v 14.10770035 34.91140069 -19.31669846
v 14.00520039 33.22570127 -20.35999916
v 14.13080025 20.91020096 -19.29359917
v 14.07759953 11.4728011 -19.34679935
v 13.57229996 34.91140077 -21.31479874
v 13.8064003 33.22570124 -19.61799858
v 14.44839954 20.91020101 -20.47879891
v 14.3757 11.47280115 -20.45929859
v 14.41679955 34.91140074 -20.47029915
v 14.41679955 34.91140074 -20.47029915
v 14.00520039 33.22570127 -20.35999916
v 14.13080025 20.91019928 19.293601
v 14.07759953 11.47279941 19.34680035
v 12.96510029 11.47279942 19.04880002
v 14.44839954 20.91019922 20.47880073
v 12.94569969 20.91019929 18.97610184
v 14.00520039 33.22569949 20.36000206
v 13.8064003 33.22569952 19.61800148
v 14.3757 11.47279936 20.45929959
v 12.15079975 11.47279939 19.86310055
v 14.41679955 34.91139895 20.4703022
v 13.06439972 33.22569953 19.41920235
v 14.10770035 34.911399 19.31670151
v 13.58080006 20.91019919 21.34630104
v 13.46199989 33.22569946 20.9032016
v 12.0781002 20.91019925 19.84360023
v 13.57229996 34.91139891 21.31480179
v 12.95409966 34.91139901 19.00760231
v 13.56130028 11.47279932 21.27360013
v 12.52120018 33.22569951 19.96240189
v 12.41870022 34.91139892 21.00570068
v 12.39560032 20.9101992 21.02879997
v 12.72000027 33.22569947 20.70440056
v 12.10960007 34.91139897 19.8521019
v 12.44880009 11.47279934 20.97559979
v 12.10960007 34.91139897 19.8521019
v 12.0781002 20.91019925 19.84360023
v 12.52120018 33.22569951 19.96240189
v 12.15079975 11.47279939 19.86310055
v 0 1.08463916 19.70560079
v 2.59123993 10.74759874 19.70560121
v 4.17940998 9.35155878 19.70560115
v 0 11.09629926 19.70560122
v 4.04955006 2.73625908 19.70560086
v -2.59123993 10.74759874 19.70560121
v -4.17940998 9.35155878 19.70560115
v -4.04954004 2.73625908 19.70560086
v 5.16210985 9.35155878 19.70560115
v -5.16210985 9.35155878 19.70560115
v -5.88223982 8.27231893 19.7056011
v -7.17733002 7.88220892 19.70560108
v -12.00450039 2.73625908 19.70560086
v 5.88223982 8.27231893 19.7056011
v -8.50755978 8.43575868 19.70560111
v -10.25010014 8.43575868 19.70560111
v -11.12660027 8.95053873 19.70560113
v -12.00450039 9.14682874 19.70560114
v 7.17733002 7.88220892 19.70560108
v 12.00450039 2.73625908 19.70560086
v 8.50755978 8.43575868 19.70560111
v 10.25010014 8.43575868 19.70560111
v 11.12660027 8.95053873 19.70560113
v 12.00450039 9.14682874 19.70560114
v 0 1.08463911 21.06040006
v 4.17940998 9.35155872 21.06040042
v 2.59123993 10.74759868 21.06040048
v 4.04955006 2.73625902 21.06040013
v 0 11.0962992 21.06040049
v -2.59123993 10.74759868 21.06040048
v -4.17940998 9.35155872 21.06040042
v -4.04954004 2.73625902 21.06040013
v 5.16210985 9.35155872 21.06040042
v 5.88223982 8.27231887 21.06040037
v 7.17733002 7.88220886 21.06040035
v 12.00450039 2.73625902 21.06040013
v -5.16210985 9.35155872 21.06040042
v 8.50755978 8.43575862 21.06040038
v 10.25010014 8.43575862 21.06040038
v 11.12660027 8.95053867 21.0604004
v 12.00450039 9.14682868 21.06040041
v -5.88223982 8.27231887 21.06040037
v -7.17733002 7.88220886 21.06040035
v -12.00450039 2.73625902 21.06040013
v -8.50755978 8.43575862 21.06040038
v -10.25010014 8.43575862 21.06040038
v -11.12660027 8.95053867 21.0604004
v -12.00450039 9.14682868 21.06040041
v -11.69019985 15.48120107 -19.56359986
v -12.00549984 12.31620111 -19.5636
v 12.00450039 12.31620111 -19.5636
v 11.68910027 15.48120107 -19.56359986
v 3.80404997 21.6879014 -19.56359959
v -3.80507994 21.6879014 -19.56359959
v -7.0486002 20.69140138 -19.56359964
v -9.91528988 18.61390009 -19.56359973
v -12.00549984 4.80364074 -19.56360033
v 7.04757023 20.69140138 -19.56359964
v 9.91425037 18.61390009 -19.56359973
v -2.45278001 22.96900072 -19.56359954
v 12.00450039 4.80364074 -19.56360033
v 2.45175004 22.96900072 -19.56359954
v -0.00051556 24.14720049 -19.56359948
v -11.69019985 15.48120113 -20.84379891
v -9.91528988 18.61390014 -20.84379878
v -7.0486002 20.69140144 -20.84379869
v -3.80507994 21.68790145 -20.84379864
v 3.80404997 21.68790145 -20.84379864
v 11.68910027 15.48120113 -20.84379891
v 12.00450039 12.31620117 -20.84379905
v -12.00549984 12.31620117 -20.84379905
v 2.45175004 22.96900077 -20.84379859
v -2.45278001 22.96900077 -20.84379859
v 7.04757023 20.69140144 -20.84379869
v 9.91425037 18.61390014 -20.84379878
v 12.00450039 3.106811 -20.84379946
v -0.00051559 24.14720054 -20.84379854
v -12.00549984 3.106811 -20.84379946
v 0 1.08463916 19.70560079
v 4.04955006 2.73625902 21.06040013
v 0 1.08463911 21.06040006
v 4.04955006 2.73625908 19.70560086
v -4.04954004 2.73625902 21.06040013
v -4.04954004 2.73625908 19.70560086
v 12.00450039 2.73625902 21.06040013
v 12.00450039 2.73625908 19.70560086
v -12.00450039 2.73625902 21.06040013
v -12.00450039 2.73625908 19.70560086
v 11.68910027 15.48120113 -20.84379891
v 9.91425037 18.61390009 -19.56359973
v 11.68910027 15.48120107 -19.56359986
v 9.91425037 18.61390014 -20.84379878
v 12.00450039 12.31620111 -19.5636
v 12.00450039 12.31620117 -20.84379905
v 7.04757023 20.69140138 -19.56359964
v 7.04757023 20.69140144 -20.84379869
v 12.00450039 4.80364074 -19.56360033
v 3.80404997 21.6879014 -19.56359959
v 3.80404997 21.68790145 -20.84379864
v 12.00450039 3.106811 -20.84379946
v -11.69019985 15.48120113 -20.84379891
v -11.69019985 15.48120107 -19.56359986
v -9.91528988 18.61390009 -19.56359973
v -12.00549984 12.31620111 -19.5636
v -9.91528988 18.61390014 -20.84379878
v -12.00549984 12.31620117 -20.84379905
v -7.0486002 20.69140138 -19.56359964
v -12.00549984 4.80364074 -19.56360033
v -12.00549984 3.106811 -20.84379946
v -7.0486002 20.69140144 -20.84379869
v -3.80507994 21.6879014 -19.56359959
v -3.80507994 21.68790145 -20.84379864
v 11.12660027 8.95053867 21.0604004
v 12.00450039 9.14682868 21.06040041
v 12.00450039 9.14682874 19.70560114
v 11.12660027 8.95053873 19.70560113
v 10.25010014 8.43575862 21.06040038
v 10.25010014 8.43575868 19.70560111
v 2.59123993 10.74759874 19.70560121
v 4.17940998 9.35155872 21.06040042
v 4.17940998 9.35155878 19.70560115
v 2.59123993 10.74759868 21.06040048
v 0 11.09629926 19.70560122
v 0 11.0962992 21.06040049
v -2.59123993 10.74759874 19.70560121
v -2.59123993 10.74759868 21.06040048
v -4.17940998 9.35155878 19.70560115
v -4.17940998 9.35155872 21.06040042
v 5.88223982 8.27231887 21.06040037
v 5.88223982 8.27231893 19.7056011
v 5.16210985 9.35155872 21.06040042
v 7.17733002 7.88220892 19.70560108
v 7.17733002 7.88220886 21.06040035
v 5.16210985 9.35155878 19.70560115
v 8.50755978 8.43575868 19.70560111
v 8.50755978 8.43575862 21.06040038
v 10.25010014 8.43575868 19.70560111
v 10.25010014 8.43575862 21.06040038
v -11.12660027 8.95053867 21.0604004
v -12.00450039 9.14682874 19.70560114
v -12.00450039 9.14682868 21.06040041
v -11.12660027 8.95053873 19.70560113
v -10.25010014 8.43575862 21.06040038
v -10.25010014 8.43575868 19.70560111
v -5.88223982 8.27231887 21.06040037
v -5.16210985 9.35155872 21.06040042
v -5.88223982 8.27231893 19.7056011
v -7.17733002 7.88220892 19.70560108
v -7.17733002 7.88220886 21.06040035
v -5.16210985 9.35155878 19.70560115
v -8.50755978 8.43575868 19.70560111
v -8.50755978 8.43575862 21.06040038
v -10.25010014 8.43575868 19.70560111
v -10.25010014 8.43575862 21.06040038
v 2.45175004 22.96900072 -19.56359954
v 2.45175004 22.96900077 -20.84379859
v -0.00051556 24.14720049 -19.56359948
v -0.00051559 24.14720054 -20.84379854
v -2.45278001 22.96900072 -19.56359954
v -0.00051556 24.14720049 -19.56359948
v -2.45278001 22.96900077 -20.84379859
v -0.00051559 24.14720054 -20.84379854
v -11.90999985 38.77780237 -19.6813986
v -12.51690006 40.18439951 -19.68139854
v -13.24050045 40.05989924 -19.68139855
v -11.90999985 39.77500239 -19.68139856
v -14.49380016 38.77780237 -19.6813986
v -11.90999985 38.77780241 -20.56549856
v -13.24050045 40.05989928 -20.56549851
v -12.51690006 40.18439955 -20.5654985
v -14.49380016 38.77780241 -20.56549856
v -11.90999985 39.77500242 -20.56549852
v -13.24050045 40.05989928 -20.56549851
v -13.24050045 40.05989924 -19.68139855
v -12.51690006 40.18439955 -20.5654985
v -14.49380016 38.77780237 -19.6813986
v -14.49380016 38.77780241 -20.56549856
v -12.51690006 40.18439951 -19.68139854
v -11.90999985 39.77500242 -20.56549852
v -11.90999985 39.77500239 -19.68139856
v -11.90999985 38.77780241 -20.56549856
v -11.90999985 38.77780237 -19.6813986
v 2.45278001 40.09960261 -19.68139855
v 0.00051556 41.27780237 -19.68139849
v -2.45175004 40.09960261 -19.68139855
v -3.80404997 38.77780237 -19.6813986
v 3.80507994 38.77780237 -19.6813986
v 2.45278001 40.09960264 -20.56549851
v -2.45175004 40.09960264 -20.56549851
v 0.00051556 41.27780241 -20.56549846
v -3.80404997 38.77780241 -20.56549856
v 3.80507994 38.77780241 -20.56549856
v -2.45175004 40.09960264 -20.56549851
v -2.45175004 40.09960261 -19.68139855
v 0.00051556 41.27780241 -20.56549846
v -3.80404997 38.77780237 -19.6813986
v -3.80404997 38.77780241 -20.56549856
v 0.00051556 41.27780237 -19.68139849
v 2.45278001 40.09960264 -20.56549851
v 0.00051556 41.27780241 -20.56549846
v 0.00051556 41.27780237 -19.68139849
v 2.45278001 40.09960261 -19.68139855
v 3.80507994 38.77780241 -20.56549856
v 3.80507994 38.77780237 -19.6813986
v 11.90999985 38.77780237 -19.6813986
v 13.24050045 40.05989924 -19.68139855
v 12.51690006 40.18439951 -19.68139854
v 14.49380016 38.77780237 -19.6813986
v 11.90999985 39.77500239 -19.68139856
v 11.90999985 38.77780241 -20.56549856
v 12.51690006 40.18439955 -20.5654985
v 13.24050045 40.05989928 -20.56549851
v 11.90999985 39.77500242 -20.56549852
v 14.49380016 38.77780241 -20.56549856
v 13.24050045 40.05989928 -20.56549851
v 12.51690006 40.18439955 -20.5654985
v 13.24050045 40.05989924 -19.68139855
v 14.49380016 38.77780237 -19.6813986
v 14.49380016 38.77780241 -20.56549856
v 12.51690006 40.18439951 -19.68139854
v 11.90999985 39.77500242 -20.56549852
v 11.90999985 39.77500239 -19.68139856
v 11.90999985 38.77780241 -20.56549856
v 11.90999985 38.77780237 -19.6813986
v 11.90999985 38.77780065 19.68140199
v 12.51690006 40.18439779 19.68140206
v 13.24050045 40.05989752 19.68140205
v 11.90999985 39.77500067 19.68140204
v 14.49380016 38.77780065 19.68140199
v 11.90999985 38.77780061 20.56550195
v 13.24050045 40.05989748 20.56550201
v 12.51690006 40.18439775 20.56550202
v 14.49380016 38.77780061 20.56550195
v 11.90999985 39.77500063 20.565502
v 13.24050045 40.05989748 20.56550201
v 13.24050045 40.05989752 19.68140205
v 12.51690006 40.18439775 20.56550202
v 14.49380016 38.77780065 19.68140199
v 14.49380016 38.77780061 20.56550195
v 12.51690006 40.18439779 19.68140206
v 11.90999985 39.77500063 20.565502
v 11.90999985 39.77500067 19.68140204
v 11.90999985 38.77780061 20.56550195
v 11.90999985 38.77780065 19.68140199
v -2.45278001 40.09960089 19.68140205
v -0.00051556 41.27780065 19.6814021
v 2.45175004 40.09960089 19.68140205
v 3.80404997 38.77780065 19.68140199
v -3.80507994 38.77780065 19.68140199
v -2.45278001 40.09960085 20.56550201
v 2.45175004 40.09960085 20.56550201
v -0.00051556 41.27780061 20.56550206
v 3.80404997 38.77780061 20.56550195
v -3.80507994 38.77780061 20.56550195
v 2.45175004 40.09960085 20.56550201
v 2.45175004 40.09960089 19.68140205
v -0.00051556 41.27780061 20.56550206
v 3.80404997 38.77780065 19.68140199
v 3.80404997 38.77780061 20.56550195
v -0.00051556 41.27780065 19.6814021
v -2.45278001 40.09960085 20.56550201
v -0.00051556 41.27780061 20.56550206
v -0.00051556 41.27780065 19.6814021
v -2.45278001 40.09960089 19.68140205
v -3.80507994 38.77780061 20.56550195
v -3.80507994 38.77780065 19.68140199
v -11.90999985 38.77780065 19.68140199
v -13.24050045 40.05989752 19.68140205
v -12.51690006 40.18439779 19.68140206
v -14.49380016 38.77780065 19.68140199
v -11.90999985 39.77500067 19.68140204
v -11.90999985 38.77780061 20.56550195
v -12.51690006 40.18439775 20.56550202
v -13.24050045 40.05989748 20.56550201
v -11.90999985 39.77500063 20.565502
v -14.49380016 38.77780061 20.56550195
v -13.24050045 40.05989748 20.56550201
v -12.51690006 40.18439775 20.56550202
v -13.24050045 40.05989752 19.68140205
v -14.49380016 38.77780065 19.68140199
v -14.49380016 38.77780061 20.56550195
v -12.51690006 40.18439779 19.68140206
v -11.90999985 39.77500063 20.565502
v -11.90999985 39.77500067 19.68140204
v -11.90999985 38.77780061 20.56550195
v -11.90999985 38.77780065 19.68140199
v 12.38339996 38.5281974 19.28140236
v -12.38339996 38.52819908 -19.23769782
v -12.38339996 38.5281974 19.28140236
v 12.38339996 38.52819908 -19.23769782
v 12.38339996 37.4093026 -19.23769787
v -12.38339996 37.40930091 19.28140232
v -12.38339996 37.4093026 -19.23769787
v 12.38339996 37.40930091 19.28140232
v 14.08749962 4.80363903 19.74620077
v -14.13860035 4.80364074 -19.56360033
v -14.13860035 4.80363903 19.74620077
v 14.08749962 4.80364074 -19.56360033
v 14.08749962 3.10680099 -20.84379946
v -14.13860035 3.10679922 19.7462007
v -14.13860035 3.10680099 -20.84379946
v 14.08749962 3.10679922 19.7462007
v 14.08749962 4.80364074 -19.56360033
v 14.08749962 3.10679922 19.7462007
v 14.08749962 3.10680099 -20.84379946
v 14.08749962 4.80363903 19.74620077
v -14.13860035 3.10679922 19.7462007
v -14.13860035 4.80364074 -19.56360033
v -14.13860035 3.10680099 -20.84379946
v -14.13860035 4.80363903 19.74620077
v 14.08749962 3.10679922 19.7462007
v 14.08749962 4.80363903 19.74620077
v 5.16210985 9.35155878 19.70560115
v 4.17940998 9.35155872 21.06040042
v 5.16210985 9.35155872 21.06040042
v 4.17940998 9.35155878 19.70560115
v -4.17940998 9.35155872 21.06040042
v -5.16210985 9.35155878 19.70560115
v -5.16210985 9.35155872 21.06040042
v -4.17940998 9.35155878 19.70560115
v 12.00450039 34.91140078 -21.41989937
v 14.52190018 38.77780245 -21.4198992
v 14.52190018 34.91140078 -21.41989937
v 12.00450039 38.77780245 -21.4198992
v 12.00450039 38.77780245 -21.4198992
v 14.52190018 38.77780234 -18.90249846
v 14.52190018 38.77780245 -21.4198992
v 12.00450039 38.77780234 -18.90249846
v 12.00450039 38.77780234 -18.90249846
v 14.52190018 34.91140067 -18.90249863
v 14.52190018 38.77780234 -18.90249846
v 12.00450039 34.91140067 -18.90249863
v 12.00450039 34.91140067 -18.90249863
v 14.52190018 34.91140078 -21.41989937
v 14.52190018 34.91140067 -18.90249863
v 12.00450039 34.91140078 -21.41989937
v 12.00450039 34.91140067 -18.90249863
v 12.00450039 38.77780245 -21.4198992
v 12.00450039 34.91140078 -21.41989937
v 12.00450039 38.77780234 -18.90249846
v 14.52190018 34.91140078 -21.41989937
v 14.52190018 38.77780234 -18.90249846
v 14.52190018 34.91140067 -18.90249863
v 14.52190018 38.77780245 -21.4198992
v 12.00450039 9.4E-07 -21.41990089
v 14.52190018 11.47280119 -21.41990039
v 14.52190018 9.4E-07 -21.41990089
v 12.00450039 11.47280119 -21.41990039
v 12.00450039 11.47280119 -21.41990039
v 14.52190018 11.47280108 -18.90249965
v 14.52190018 11.47280119 -21.41990039
v 12.00450039 11.47280108 -18.90249965
v 12.00450039 11.47280108 -18.90249965
v 14.52190018 8.3E-07 -18.90250015
v 14.52190018 11.47280108 -18.90249965
v 12.00450039 8.3E-07 -18.90250015
v 12.00450039 8.3E-07 -18.90250015
v 14.52190018 9.4E-07 -21.41990089
v 14.52190018 8.3E-07 -18.90250015
v 12.00450039 9.4E-07 -21.41990089
v 12.00450039 8.3E-07 -18.90250015
v 12.00450039 11.47280119 -21.41990039
v 12.00450039 9.4E-07 -21.41990089
v 12.00450039 11.47280108 -18.90249965
v 14.52190018 9.4E-07 -21.41990089
v 14.52190018 11.47280108 -18.90249965
v 14.52190018 8.3E-07 -18.90250015
v 14.52190018 11.47280119 -21.41990039
v -12.00450039 34.91140067 -18.90249863
v -14.52190018 38.77780234 -18.90249846
v -14.52190018 34.91140067 -18.90249863
v -12.00450039 38.77780234 -18.90249846
v -12.00450039 38.77780234 -18.90249846
v -14.52190018 38.77780245 -21.4198992
v -14.52190018 38.77780234 -18.90249846
v -12.00450039 38.77780245 -21.4198992
v -12.00450039 38.77780245 -21.4198992
v -14.52190018 34.91140078 -21.41989937
v -14.52190018 38.77780245 -21.4198992
v -12.00450039 34.91140078 -21.41989937
v -12.00450039 34.91140078 -21.41989937
v -14.52190018 34.91140067 -18.90249863
v -14.52190018 34.91140078 -21.41989937
v -12.00450039 34.91140067 -18.90249863
v -12.00450039 34.91140078 -21.41989937
v -12.00450039 38.77780234 -18.90249846
v -12.00450039 34.91140067 -18.90249863
v -12.00450039 38.77780245 -21.4198992
v -14.52190018 34.91140067 -18.90249863
v -14.52190018 38.77780245 -21.4198992
v -14.52190018 34.91140078 -21.41989937
v -14.52190018 38.77780234 -18.90249846
v -12.00450039 8.3E-07 -18.90250015
v -14.52190018 11.47280108 -18.90249965
v -14.52190018 8.3E-07 -18.90250015
v -12.00450039 11.47280108 -18.90249965
v -12.00450039 11.47280108 -18.90249965
v -14.52190018 11.47280119 -21.41990039
v -14.52190018 11.47280108 -18.90249965
v -12.00450039 11.47280119 -21.41990039
v -12.00450039 11.47280119 -21.41990039
v -14.52190018 9.4E-07 -21.41990089
v -14.52190018 11.47280119 -21.41990039
v -12.00450039 9.4E-07 -21.41990089
v -12.00450039 9.4E-07 -21.41990089
v -14.52190018 8.3E-07 -18.90250015
v -14.52190018 9.4E-07 -21.41990089
v -12.00450039 8.3E-07 -18.90250015
v -12.00450039 9.4E-07 -21.41990089
v -12.00450039 11.47280108 -18.90249965
v -12.00450039 8.3E-07 -18.90250015
v -12.00450039 11.47280119 -21.41990039
v -14.52190018 8.3E-07 -18.90250015
v -14.52190018 11.47280119 -21.41990039
v -14.52190018 9.4E-07 -21.41990089
v -14.52190018 11.47280108 -18.90249965
v 14.52190018 34.91139891 21.41990242
v 12.00450039 38.77780058 21.41990259
v 12.00450039 34.91139891 21.41990242
v 14.52190018 38.77780058 21.41990259
v 14.52190018 38.77780058 21.41990259
v 12.00450039 38.77780069 18.90250185
v 12.00450039 38.77780058 21.41990259
v 14.52190018 38.77780069 18.90250185
v 14.52190018 38.77780069 18.90250185
v 12.00450039 34.91139902 18.90250168
v 12.00450039 38.77780069 18.90250185
v 14.52190018 34.91139902 18.90250168
v 14.52190018 34.91139902 18.90250168
v 12.00450039 34.91139891 21.41990242
v 12.00450039 34.91139902 18.90250168
v 14.52190018 34.91139891 21.41990242
v 14.52190018 34.91139902 18.90250168
v 14.52190018 38.77780058 21.41990259
v 14.52190018 34.91139891 21.41990242
v 14.52190018 38.77780069 18.90250185
v 12.00450039 34.91139891 21.41990242
v 12.00450039 38.77780069 18.90250185
v 12.00450039 34.91139902 18.90250168
v 12.00450039 38.77780058 21.41990259
v 14.52190018 -9.4E-07 21.41990089
v 12.00450039 11.47279932 21.4199014
v 12.00450039 -9.4E-07 21.41990089
v 14.52190018 11.47279932 21.4199014
v 14.52190018 11.47279932 21.4199014
v 12.00450039 11.47279943 18.90250065
v 12.00450039 11.47279932 21.4199014
v 14.52190018 11.47279943 18.90250065
v 14.52190018 11.47279943 18.90250065
v 12.00450039 -8.3E-07 18.90250015
v 12.00450039 11.47279943 18.90250065
v 14.52190018 -8.3E-07 18.90250015
v 14.52190018 -8.3E-07 18.90250015
v 12.00450039 -9.4E-07 21.41990089
v 12.00450039 -8.3E-07 18.90250015
v 14.52190018 -9.4E-07 21.41990089
v 14.52190018 -8.3E-07 18.90250015
v 14.52190018 11.47279932 21.4199014
v 14.52190018 -9.4E-07 21.41990089
v 14.52190018 11.47279943 18.90250065
v 12.00450039 -9.4E-07 21.41990089
v 12.00450039 11.47279943 18.90250065
v 12.00450039 -8.3E-07 18.90250015
v 12.00450039 11.47279932 21.4199014
v -12.00450039 34.91139891 21.41990242
v -14.52190018 38.77780058 21.41990259
v -14.52190018 34.91139891 21.41990242
v -12.00450039 38.77780058 21.41990259
v -12.00450039 38.77780058 21.41990259
v -14.52190018 38.77780069 18.90250185
v -14.52190018 38.77780058 21.41990259
v -12.00450039 38.77780069 18.90250185
v -12.00450039 38.77780069 18.90250185
v -14.52190018 34.91139902 18.90250168
v -14.52190018 38.77780069 18.90250185
v -12.00450039 34.91139902 18.90250168
v -12.00450039 34.91139902 18.90250168
v -14.52190018 34.91139891 21.41990242
v -14.52190018 34.91139902 18.90250168
v -12.00450039 34.91139891 21.41990242
v -12.00450039 34.91139902 18.90250168
v -12.00450039 38.77780058 21.41990259
v -12.00450039 34.91139891 21.41990242
v -12.00450039 38.77780069 18.90250185
v -14.52190018 34.91139891 21.41990242
v -14.52190018 38.77780069 18.90250185
v -14.52190018 34.91139902 18.90250168
v -14.52190018 38.77780058 21.41990259
v -12.00450039 -9.4E-07 21.41990089
v -14.52190018 11.47279932 21.4199014
v -14.52190018 -9.4E-07 21.41990089
v -12.00450039 11.47279932 21.4199014
v -12.00450039 11.47279932 21.4199014
v -14.52190018 11.47279943 18.90250065
v -14.52190018 11.47279932 21.4199014
v -12.00450039 11.47279943 18.90250065
v -12.00450039 11.47279943 18.90250065
v -14.52190018 -8.3E-07 18.90250015
v -14.52190018 11.47279943 18.90250065
v -12.00450039 -8.3E-07 18.90250015
v -12.00450039 -8.3E-07 18.90250015
v -14.52190018 -9.4E-07 21.41990089
v -14.52190018 -8.3E-07 18.90250015
v -12.00450039 -9.4E-07 21.41990089
v -12.00450039 -8.3E-07 18.90250015
v -12.00450039 11.47279932 21.4199014
v -12.00450039 -9.4E-07 21.41990089
v -12.00450039 11.47279943 18.90250065
v -14.52190018 -9.4E-07 21.41990089
v -14.52190018 11.47279943 18.90250065
v -14.52190018 -8.3E-07 18.90250015
v -14.52190018 11.47279932 21.4199014
v -12.00450039 36.25949952 -21.04099878
v 12.00450039 38.77780243 -21.04099867
v 12.00450039 36.25949952 -21.04099878
v -12.00450039 38.77780243 -21.04099867
v -12.00450039 38.77780243 -21.04099867
v 12.00450039 38.77780236 -19.28139899
v 12.00450039 38.77780243 -21.04099867
v -12.00450039 38.77780236 -19.28139899
v -12.00450039 38.77780236 -19.28139899
v 12.00450039 36.25949944 -19.2813991
v 12.00450039 38.77780236 -19.28139899
v -12.00450039 36.25949944 -19.2813991
v -12.00450039 36.25949944 -19.2813991
v 12.00450039 36.25949952 -21.04099878
v 12.00450039 36.25949944 -19.2813991
v -12.00450039 36.25949952 -21.04099878
v 14.14299965 36.25949942 -18.90249857
v 14.14299965 38.77780069 18.90250185
v 14.14299965 36.25949777 18.90250174
v 14.14299965 38.77780234 -18.90249846
v 14.14299965 38.77780234 -18.90249846
v 12.38339996 38.77780069 18.90250185
v 14.14299965 38.77780069 18.90250185
v 12.38339996 38.77780234 -18.90249846
v 12.38339996 38.77780234 -18.90249846
v 12.38339996 36.25949777 18.90250174
v 12.38339996 38.77780069 18.90250185
v 12.38339996 36.25949942 -18.90249857
v 12.38339996 36.25949942 -18.90249857
v 14.14299965 36.25949777 18.90250174
v 12.38339996 36.25949777 18.90250174
v 14.14299965 36.25949942 -18.90249857
v -14.14299965 36.25949777 18.90250174
v -14.14299965 38.77780234 -18.90249846
v -14.14299965 36.25949942 -18.90249857
v -14.14299965 38.77780069 18.90250185
v -14.14299965 38.77780069 18.90250185
v -12.38339996 38.77780234 -18.90249846
v -14.14299965 38.77780234 -18.90249846
v -12.38339996 38.77780069 18.90250185
v -12.38339996 38.77780069 18.90250185
v -12.38339996 36.25949942 -18.90249857
v -12.38339996 38.77780234 -18.90249846
v -12.38339996 36.25949777 18.90250174
v -12.38339996 36.25949777 18.90250174
v -14.14299965 36.25949942 -18.90249857
v -12.38339996 36.25949942 -18.90249857
v -14.14299965 36.25949777 18.90250174
v 12.00450039 36.25949768 21.04100195
v -12.00450039 38.77780059 21.04100206
v -12.00450039 36.25949768 21.04100195
v 12.00450039 38.77780059 21.04100206
v 12.00450039 38.77780059 21.04100206
v -12.00450039 38.77780067 19.28140238
v -12.00450039 38.77780059 21.04100206
v 12.00450039 38.77780067 19.28140238
v 12.00450039 38.77780067 19.28140238
v -12.00450039 36.25949775 19.28140227
v -12.00450039 38.77780067 19.28140238
v 12.00450039 36.25949775 19.28140227
v 12.00450039 36.25949775 19.28140227
v -12.00450039 36.25949768 21.04100195
v -12.00450039 36.25949775 19.28140227
v 12.00450039 36.25949768 21.04100195
vn -0.9611 -0.10552 0.25526
vn -0.25949 -0.10552 0.95996
vn -0.42383 -0.24093 0.87311
vn -0.96583 0.01463 0.25875
vn -0.96805 -0.24093 0.0695
vn -0.707 0.01463 -0.70707
vn -0.70161 -0.10552 -0.70471
vn 0.54422 -0.24093 0.8036
vn -0.25883 0.01463 0.96581
vn 0.70161 -0.10552 0.70471
vn -0.54422 -0.24093 -0.8036
vn -0.82797 -0.00783 -0.56072
vn 0.25884 0.01463 -0.96581
vn 0.07161 -0.00783 -0.9974
vn 0.96805 -0.24093 -0.0695
vn -0.89958 -0.00783 0.43669
vn 0.707 0.01463 0.70706
vn -0.07161 -0.00783 0.9974
vn 0.25949 -0.10552 -0.95996
vn 0.42384 -0.24093 -0.87311
vn 0.89958 -0.00783 -0.43669
vn 0.9611 -0.10552 -0.25526
vn 0.82797 -0.00783 0.56072
vn 0.96583 0.01463 -0.25875
vn -0.707 0.01463 0.70707
vn -0.82797 -0.00783 0.56072
vn 0.07161 -0.00783 0.9974
vn -0.96583 0.01463 -0.25875
vn 0.25884 0.01463 0.96581
vn -0.9611 -0.10552 -0.25526
vn -0.70161 -0.10552 0.70471
vn -0.89958 -0.00783 -0.43669
vn 0.89958 -0.00783 0.43669
vn -0.96805 -0.24093 -0.0695
vn 0.25949 -0.10552 0.95996
vn -0.54422 -0.24093 0.80361
vn -0.25883 0.01463 -0.96581
vn -0.25949 -0.10552 -0.95996
vn 0.96583 0.01463 0.25875
vn -0.42383 -0.24093 -0.87311
vn 0.42384 -0.24093 0.87311
vn -0.07161 -0.00783 -0.9974
vn 0.9611 -0.10552 0.25526
vn 0.54422 -0.24093 -0.8036
vn 0.707 0.01463 -0.70706
vn 0.70161 -0.10552 -0.7047
vn 0.96805 -0.24093 0.0695
vn 0.82797 -0.00783 -0.56072
vn -0 0 -1
vn 0 0 1
vn 0 -1 0
vn 0.25601 -0.96667 0
vn 0.12801 -0.99177 0
vn -0.25601 -0.96667 0
vn -0.12801 -0.99177 0
vn 0.95313 0.30257 0
vn 0.79169 0.61092 0
vn 0.6865 0.72713 0
vn 0.99781 0.06617 0
vn 0.99945 0.03308 0
vn 0.50372 0.86387 0
vn 0.39614 0.91819 0
vn 1 0 0
vn 0.29368 0.9559 0
vn -0.95313 0.30257 0
vn -0.79169 0.61092 0
vn -0.99781 0.06617 0
vn -0.6865 0.72713 0
vn -0.99945 0.03308 0
vn -0.4954 0.86867 0
vn -1 0 0
vn -0.39614 0.91819 0
vn -0.29368 0.9559 0
vn -0.31769 0.94819 0
vn -0.21821 0.9759 0
vn -0.4148 0.90991 0
vn -0.50643 0.86228 0
vn 0.66021 0.75108 0
vn 0.32118 0.94702 0
vn 0.04481 0.999 0
vn -0.04481 0.999 0
vn -0.66021 0.75108 0
vn 0.83182 0.55504 0
vn 0.06772 0.9977 0
vn -0.16872 0.98566 0
vn -0.26061 0.96544 0
vn -0.13031 0.99147 0
vn 0 1 0
vn 0.21821 0.9759 0
vn 0.4148 0.90991 0
vn -0.83182 0.55504 0
vn -0.06772 0.9977 0
vn 0.16872 0.98566 0
vn 0.26061 0.96544 0
vn 0.13031 0.99147 0
vn 0.60936 0.79289 0
vn 0.52355 0.85199 0
vn 0.43306 0.90136 0
vn -0.60936 0.79289 0
vn -0.43306 0.90136 0
vn -0.52355 0.85199 0
vn -0.55729 0.83032 0
vn -0.36727 0.93012 0
vn 0.07836 0.99692 0
vn -0.71509 0.69903 1E-05
vn 0.33789 0.94118 0
vn -0.699 0.71512 0
vn 0.69899 0.71513 0
vn 0.55729 0.83032 0
vn -0.07836 0.99692 0
vn 0.36727 0.93012 0
vn 0.71509 0.69903 1E-05
vn -0.33789 0.94118 0
vt 0.9459 0.70417
vt 0.96314 0.70417
vt 0.96314 0.68155
vt 0.9459 0.86941
vt 0.9459 0.68155
vt 0.92865 0.86941
vt 0.92865 0.70417
vt 0.98039 0.68155
vt 0.96314 0.86941
vt 0.98039 0.70417
vt 0.92865 0.68155
vt 0.92865 0.99603
vt 0.91141 0.86941
vt 0.91141 0.99603
vt 0.99764 0.68155
vt 0.9459 0.99603
vt 0.98039 0.86941
vt 0.96314 0.99603
vt 0.91141 0.70417
vt 0.91141 0.68155
vt 0.89416 0.99603
vt 0.99764 0.70417
vt 0.98039 0.99603
vt 0.89416 0.70417
vt 0.89416 0.68155
vt 0.89416 0.86941
vt 0.99764 0.86941
vt 0.99764 0.99603
vt 0.66498 0.475
vt 0.70448 0.32772
vt 0.72868 0.34899
vt 0.66498 0.3224
vt 0.7267 0.44982
vt 0.62549 0.32772
vt 0.60128 0.34899
vt 0.60326 0.44982
vt 0.74366 0.34899
vt 0.5863 0.34899
vt 0.57533 0.36544
vt 0.55559 0.37138
vt 0.48202 0.44982
vt 0.75464 0.36544
vt 0.53531 0.36295
vt 0.50876 0.36295
vt 0.4954 0.3551
vt 0.48202 0.35211
vt 0.77438 0.37138
vt 0.84795 0.44982
vt 0.79465 0.36295
vt 0.82121 0.36295
vt 0.83457 0.3551
vt 0.84795 0.35211
vt 0.12383 0.75929
vt 0.12024 0.79537
vt 0.39393 0.79537
vt 0.39034 0.75929
vt 0.30045 0.68854
vt 0.21372 0.68854
vt 0.17674 0.6999
vt 0.14406 0.72358
vt 0.12024 0.88101
vt 0.33743 0.6999
vt 0.3701 0.72358
vt 0.22913 0.67394
vt 0.39393 0.88101
vt 0.28504 0.67394
vt 0.25708 0.66051
vt 0.75321 0.7468
vt 0.73403 0.71296
vt 0.70306 0.69052
vt 0.66802 0.67975
vt 0.58582 0.67975
vt 0.50064 0.7468
vt 0.49723 0.781
vt 0.75661 0.781
vt 0.60043 0.66591
vt 0.65341 0.66591
vt 0.55078 0.69052
vt 0.51981 0.71296
vt 0.49723 0.88049
vt 0.62692 0.65318
vt 0.75661 0.88049
vt 0.60997 0.49258
vt 0.65321 0.47811
vt 0.60997 0.47811
vt 0.65321 0.49258
vt 0.56673 0.47811
vt 0.56673 0.49258
vt 0.73815 0.47811
vt 0.73815 0.49258
vt 0.48178 0.47811
vt 0.48178 0.49258
vt 0.64698 0.88628
vt 0.60503 0.89995
vt 0.64698 0.89995
vt 0.60503 0.88628
vt 0.68078 0.89995
vt 0.68078 0.88628
vt 0.56424 0.89995
vt 0.56424 0.88628
vt 0.76099 0.89995
vt 0.5265 0.89995
vt 0.5265 0.88628
vt 0.77911 0.88628
vt 0.2867 0.88628
vt 0.2867 0.89995
vt 0.32865 0.89995
vt 0.2529 0.89995
vt 0.32865 0.88628
vt 0.2529 0.88628
vt 0.36943 0.89995
vt 0.17268 0.89995
vt 0.15457 0.88628
vt 0.36943 0.88628
vt 0.40718 0.89995
vt 0.40718 0.88628
vt 0.83557 0.33977
vt 0.8475 0.33977
vt 0.8475 0.3238
vt 0.83557 0.3238
vt 0.82366 0.33977
vt 0.82366 0.3238
vt 0.55625 0.45837
vt 0.57689 0.47283
vt 0.57689 0.45837
vt 0.55625 0.47283
vt 0.52949 0.45837
vt 0.52949 0.47283
vt 0.50274 0.45837
vt 0.50274 0.47283
vt 0.48209 0.45837
vt 0.48209 0.47283
vt 0.76123 0.33977
vt 0.76123 0.3238
vt 0.74668 0.33977
vt 0.77884 0.3238
vt 0.77884 0.33977
vt 0.74668 0.3238
vt 0.79692 0.3238
vt 0.79692 0.33977
vt 0.8206 0.3238
vt 0.8206 0.33977
vt 0.49494 0.33977
vt 0.48301 0.3238
vt 0.48301 0.33977
vt 0.49494 0.3238
vt 0.50686 0.33977
vt 0.50686 0.3238
vt 0.56928 0.33977
vt 0.58383 0.33977
vt 0.56928 0.3238
vt 0.55168 0.3238
vt 0.55168 0.33977
vt 0.58383 0.3238
vt 0.5336 0.3238
vt 0.5336 0.33977
vt 0.50991 0.3238
vt 0.50991 0.33977
vt 0.50326 0.89995
vt 0.50326 0.88628
vt 0.46883 0.89995
vt 0.46883 0.88628
vt 0.43042 0.89995
vt 0.46485 0.89995
vt 0.43042 0.88628
vt 0.46485 0.88628
vt 0.80741 0.99567
vt 0.79664 0.97069
vt 0.78379 0.9729
vt 0.80741 0.97796
vt 0.76153 0.99567
vt 0.8121 0.99567
vt 0.83573 0.9729
vt 0.82288 0.97069
vt 0.85798 0.99567
vt 0.8121 0.97796
vt 0.82656 0.96435
vt 0.82656 0.95227
vt 0.81581 0.96435
vt 0.85334 0.95227
vt 0.85334 0.96435
vt 0.81581 0.95227
vt 0.80643 0.96435
vt 0.80643 0.95227
vt 0.79241 0.96435
vt 0.79241 0.95227
vt 0.10334 0.97534
vt 0.06418 0.95652
vt 0.02502 0.97534
vt 0.00342 0.99645
vt 0.12494 0.99645
vt 0.1056 0.95085
vt 0.1056 0.93673
vt 0.06644 0.95085
vt 0.12719 0.93673
vt 0.12719 0.95085
vt 0.06644 0.93673
vt 0.02394 0.95085
vt 0.0631 0.95085
vt 0.0631 0.93673
vt 0.02394 0.93673
vt 0.00234 0.95085
vt 0.00234 0.93673
vt 0.81978 0.94722
vt 0.83053 0.94722
vt 0.81978 0.93514
vt 0.793 0.93514
vt 0.793 0.94722
vt 0.83053 0.93514
vt 0.83991 0.94722
vt 0.83991 0.93514
vt 0.85393 0.94722
vt 0.85393 0.93514
vt 0.68793 0.31794
vt 0.48544 0.05544
vt 0.48544 0.31794
vt 0.68793 0.05544
vt 0.69368 0.05544
vt 0.89617 0.31794
vt 0.89617 0.05544
vt 0.69368 0.31794
vt 0.00176 0.45939
vt 0.01704 0.72637
vt 0.01704 0.45069
vt 0.00176 0.72637
vt 0.00176 0.45069
vt 0.74363 0.3238
vt 0.73057 0.33977
vt 0.74363 0.33977
vt 0.73057 0.3238
vt 0.59994 0.33977
vt 0.58689 0.3238
vt 0.58689 0.33977
vt 0.59994 0.3238
vt 0.94756 0.11963
vt 0.90402 0.05276
vt 0.90402 0.11963
vt 0.94756 0.05276
vt 0.44292 0.82871
vt 0.40414 0.78993
vt 0.40414 0.82871
vt 0.44292 0.78993
vt 0.44292 0.87314
vt 0.40414 0.83435
vt 0.40414 0.87314
vt 0.44292 0.83435
vt 0.99645 0.11961
vt 0.9529 0.05274
vt 0.9529 0.11961
vt 0.99645 0.05274
vt 0.94748 0.32077
vt 0.90393 0.12233
vt 0.90393 0.32077
vt 0.94748 0.12233
vt 0.48837 0.82909
vt 0.44959 0.7903
vt 0.44959 0.82909
vt 0.48837 0.7903
vt 0.48837 0.87326
vt 0.44959 0.83447
vt 0.44959 0.87326
vt 0.48837 0.83447
vt 0.99654 0.32095
vt 0.953 0.12252
vt 0.953 0.32095
vt 0.99654 0.12252
vt 0.52219 0.95025
vt 0.13279 0.90941
vt 0.13279 0.95025
vt 0.52219 0.90941
vt 0.62521 0.9274
vt 0.52794 0.91074
vt 0.52794 0.9274
vt 0.62521 0.91074
vt 0.62521 0.94946
vt 0.52794 0.93281
vt 0.52794 0.94946
vt 0.62521 0.93281
vt 0.74613 0.99548
vt 0.13297 0.95464
vt 0.13297 0.99548
vt 0.74613 0.95464
vt 0.78376 0.9274
vt 0.6306 0.91074
vt 0.6306 0.9274
vt 0.78376 0.91074
vt 0.78376 0.94946
vt 0.6306 0.93281
vt 0.6306 0.94946
vt 0.78376 0.93281
usemtl mat0
f 2215/905/1148 2216/906/1149 2217/907/1150
f 2215/905/1148 2218/908/1151 2216/906/1149
f 2215/905/1148 2217/907/1150 2219/909/1152
f 2215/905/1148 2220/910/1153 2218/908/1151
f 2215/905/1148 2219/909/1152 2221/911/1154
f 2215/905/1148 2221/911/1154 2220/910/1153
f 2216/906/1149 2222/912/1155 2217/907/1150
f 2216/906/1149 2218/908/1151 2223/913/1156
f 2216/906/1149 2224/914/1157 2222/912/1155
f 2216/906/1149 2223/913/1156 2224/914/1157
f 2219/909/1152 2225/915/1158 2221/911/1154
f 2220/910/1153 2226/916/1159 2218/908/1151
f 2220/910/1153 2221/911/1154 2227/917/1160
f 2220/910/1153 2228/918/1161 2226/916/1159
f 2220/910/1153 2227/917/1160 2228/918/1161
f 2222/912/1155 2224/914/1157 2229/919/1162
f 2223/913/1156 2218/908/1151 2230/920/1163
f 2223/913/1156 2231/921/1164 2224/914/1157
f 2223/913/1156 2230/920/1163 2232/922/1165
f 2223/913/1156 2232/922/1165 2231/921/1164
f 2230/920/1163 2218/908/1151 2226/916/1159
f 2225/915/1158 2233/923/1166 2221/911/1154
f 2225/915/1158 2234/924/1167 2233/923/1166
f 2221/911/1154 2233/923/1166 2227/917/1160
f 2228/918/1161 2227/917/1160 2235/925/1168
f 2229/919/1162 2224/914/1157 2236/926/1169
f 2224/914/1157 2231/921/1164 2236/926/1169
f 2232/922/1165 2237/927/1170 2231/921/1164
f 2234/924/1167 2238/928/1169 2233/923/1166
f 2234/924/1167 2239/929/1162 2238/928/1169
f 2227/917/1160 2240/930/1171 2235/925/1168
f 2227/917/1160 2233/923/1166 2240/930/1171
f 2240/930/1171 2233/923/1166 2238/928/1169
f 2236/926/1169 2231/921/1164 2241/931/1171
f 2231/921/1164 2237/927/1170 2241/931/1171
f 2237/927/1170 2242/932/1168 2241/931/1171
f 2243/913/1172 2244/922/1173 2245/927/1174
f 2243/913/1172 2246/908/1175 2244/922/1173
f 2243/913/1172 2245/927/1174 2247/921/1176
f 2243/913/1172 2248/905/1177 2246/908/1175
f 2243/913/1172 2247/921/1176 2249/906/1178
f 2243/913/1172 2249/906/1178 2248/905/1177
f 2244/922/1173 2246/908/1175 2250/920/1179
f 2245/927/1174 2251/932/1180 2247/921/1176
f 2249/906/1178 2252/909/1181 2248/905/1177
f 2249/906/1178 2247/921/1176 2253/914/1182
f 2249/906/1178 2254/907/1183 2252/909/1181
f 2249/906/1178 2253/914/1182 2254/907/1183
f 2246/908/1175 2255/910/1184 2250/920/1179
f 2246/908/1175 2248/905/1177 2256/911/1185
f 2246/908/1175 2256/911/1185 2255/910/1184
f 2251/932/1180 2257/931/1186 2247/921/1176
f 2247/921/1176 2257/931/1186 2253/914/1182
f 2252/909/1181 2258/915/1187 2248/905/1177
f 2248/905/1177 2258/915/1187 2256/911/1185
f 2254/907/1183 2253/914/1182 2259/912/1188
f 2250/920/1179 2255/910/1184 2260/916/1189
f 2257/931/1186 2261/926/1190 2253/914/1182
f 2253/914/1182 2261/926/1190 2259/912/1188
f 2258/915/1187 2262/924/1191 2256/911/1185
f 2255/910/1184 2263/917/1192 2260/916/1189
f 2255/910/1184 2256/911/1185 2264/923/1193
f 2255/910/1184 2264/923/1193 2263/917/1192
f 2256/911/1185 2262/924/1191 2264/923/1193
f 2261/926/1190 2265/919/1194 2259/912/1188
f 2260/916/1189 2263/917/1192 2266/918/1195
f 2262/924/1191 2267/929/1194 2264/923/1193
f 2263/917/1192 2268/930/1186 2266/918/1195
f 2263/917/1192 2264/923/1193 2269/928/1190
f 2263/917/1192 2269/928/1190 2268/930/1186
f 2269/928/1190 2264/923/1193 2267/929/1194
f 2266/918/1195 2268/930/1186 2270/925/1180
f 2271/910/1153 2272/918/1161 2273/916/1159
f 2271/910/1153 2274/917/1160 2272/918/1161
f 2271/910/1153 2273/916/1159 2275/908/1151
f 2271/910/1153 2276/911/1154 2274/917/1160
f 2271/910/1153 2275/908/1151 2277/905/1148
f 2271/910/1153 2277/905/1148 2276/911/1154
f 2272/918/1161 2274/917/1160 2278/925/1168
f 2273/916/1159 2279/920/1163 2275/908/1151
f 2277/905/1148 2280/909/1152 2276/911/1154
f 2277/905/1148 2275/908/1151 2281/906/1149
f 2277/905/1148 2282/907/1150 2280/909/1152
f 2277/905/1148 2281/906/1149 2282/907/1150
f 2274/917/1160 2283/930/1171 2278/925/1168
f 2274/917/1160 2276/911/1154 2284/923/1166
f 2274/917/1160 2284/923/1166 2283/930/1171
f 2279/920/1163 2285/913/1156 2275/908/1151
f 2279/920/1163 2286/922/1165 2285/913/1156
f 2275/908/1151 2285/913/1156 2281/906/1149
f 2280/909/1152 2287/915/1158 2276/911/1154
f 2276/911/1154 2287/915/1158 2284/923/1166
f 2282/907/1150 2281/906/1149 2288/912/1155
f 2283/930/1171 2284/923/1166 2289/928/1169
f 2286/922/1165 2290/921/1164 2285/913/1156
f 2286/922/1165 2291/927/1170 2290/921/1164
f 2287/915/1158 2292/924/1167 2284/923/1166
f 2284/923/1166 2292/924/1167 2289/928/1169
f 2281/906/1149 2293/914/1157 2288/912/1155
f 2281/906/1149 2285/913/1156 2293/914/1157
f 2285/913/1156 2290/921/1164 2293/914/1157
f 2291/927/1170 2294/931/1171 2290/921/1164
f 2291/927/1170 2295/932/1168 2294/931/1171
f 2292/924/1167 2296/929/1162 2289/928/1169
f 2288/912/1155 2293/914/1157 2297/919/1162
f 2290/921/1164 2294/931/1171 2298/926/1169
f 2290/921/1164 2298/926/1169 2293/914/1157
f 2293/914/1157 2298/926/1169 2297/919/1162
f 2299/913/1192 2300/922/1195 2301/927/1189
f 2299/913/1192 2302/908/1186 2300/922/1195
f 2299/913/1192 2301/927/1189 2303/921/1184
f 2299/913/1192 2304/905/1190 2302/908/1186
f 2299/913/1192 2303/921/1184 2305/906/1193
f 2299/913/1192 2305/906/1193 2304/905/1190
f 2300/922/1195 2302/908/1186 2306/920/1180
f 2301/927/1189 2307/932/1179 2303/921/1184
f 2305/906/1193 2308/909/1194 2304/905/1190
f 2305/906/1193 2303/921/1184 2309/914/1185
f 2305/906/1193 2310/907/1191 2308/909/1194
f 2305/906/1193 2309/914/1185 2310/907/1191
f 2302/908/1186 2311/910/1176 2306/920/1180
f 2302/908/1186 2304/905/1190 2312/911/1182
f 2302/908/1186 2312/911/1182 2311/910/1176
f 2307/932/1179 2313/931/1175 2303/921/1184
f 2303/921/1184 2313/931/1175 2309/914/1185
f 2308/909/1194 2314/915/1188 2304/905/1190
f 2304/905/1190 2314/915/1188 2312/911/1182
f 2310/907/1191 2309/914/1185 2315/912/1187
f 2306/920/1180 2311/910/1176 2316/916/1174
f 2313/931/1175 2317/926/1177 2309/914/1185
f 2309/914/1185 2317/926/1177 2315/912/1187
f 2314/915/1188 2318/924/1183 2312/911/1182
f 2311/910/1176 2319/917/1172 2316/916/1174
f 2311/910/1176 2312/911/1182 2320/923/1178
f 2311/910/1176 2320/923/1178 2319/917/1172
f 2312/911/1182 2318/924/1183 2320/923/1178
f 2317/926/1177 2321/919/1181 2315/912/1187
f 2316/916/1174 2319/917/1172 2322/918/1173
f 2318/924/1183 2323/929/1181 2320/923/1178
f 2319/917/1172 2324/930/1175 2322/918/1173
f 2319/917/1172 2320/923/1178 2325/928/1177
f 2319/917/1172 2325/928/1177 2324/930/1175
f 2325/928/1177 2320/923/1178 2323/929/1181
f 2322/918/1173 2324/930/1175 2326/925/1179
f 2327/933/1196 2328/934/1196 2329/935/1196
f 2327/933/1196 2330/936/1196 2328/934/1196
f 2327/933/1196 2329/935/1196 2331/937/1196
f 2327/933/1196 2332/938/1196 2330/936/1196
f 2327/933/1196 2333/939/1196 2332/938/1196
f 2327/933/1196 2334/940/1196 2333/939/1196
f 2329/935/1196 2335/941/1196 2331/937/1196
f 2334/940/1196 2336/942/1196 2333/939/1196
f 2334/940/1196 2337/943/1196 2336/942/1196
f 2334/940/1196 2338/944/1196 2337/943/1196
f 2334/940/1196 2339/945/1196 2338/944/1196
f 2335/941/1196 2340/946/1196 2331/937/1196
f 2339/945/1196 2341/947/1196 2338/944/1196
f 2339/945/1196 2342/948/1196 2341/947/1196
f 2339/945/1196 2343/949/1196 2342/948/1196
f 2339/945/1196 2344/950/1196 2343/949/1196
f 2340/946/1196 2345/951/1196 2331/937/1196
f 2345/951/1196 2346/952/1196 2331/937/1196
f 2345/951/1196 2347/953/1196 2346/952/1196
f 2347/953/1196 2348/954/1196 2346/952/1196
f 2348/954/1196 2349/955/1196 2346/952/1196
f 2349/955/1196 2350/956/1196 2346/952/1196
f 2351/933/1197 2352/935/1197 2353/934/1197
f 2351/933/1197 2354/937/1197 2352/935/1197
f 2351/933/1197 2353/934/1197 2355/936/1197
f 2351/933/1197 2355/936/1197 2356/938/1197
f 2351/933/1197 2356/938/1197 2357/939/1197
f 2351/933/1197 2357/939/1197 2358/940/1197
f 2354/937/1197 2359/941/1197 2352/935/1197
f 2354/937/1197 2360/946/1197 2359/941/1197
f 2354/937/1197 2361/951/1197 2360/946/1197
f 2354/937/1197 2362/952/1197 2361/951/1197
f 2357/939/1197 2363/942/1197 2358/940/1197
f 2362/952/1197 2364/953/1197 2361/951/1197
f 2362/952/1197 2365/954/1197 2364/953/1197
f 2362/952/1197 2366/955/1197 2365/954/1197
f 2362/952/1197 2367/956/1197 2366/955/1197
f 2363/942/1197 2368/943/1197 2358/940/1197
f 2368/943/1197 2369/944/1197 2358/940/1197
f 2369/944/1197 2370/945/1197 2358/940/1197
f 2369/944/1197 2371/947/1197 2370/945/1197
f 2371/947/1197 2372/948/1197 2370/945/1197
f 2372/948/1197 2373/949/1197 2370/945/1197
f 2373/949/1197 2374/950/1197 2370/945/1197
f 2375/957/1197 2376/958/1197 2377/959/1197
f 2375/957/1197 2377/959/1197 2378/960/1197
f 2375/957/1197 2378/960/1197 2379/961/1197
f 2375/957/1197 2379/961/1197 2380/962/1197
f 2375/957/1197 2380/962/1197 2381/963/1197
f 2375/957/1197 2381/963/1197 2382/964/1197
f 2376/958/1197 2383/965/1197 2377/959/1197
f 2378/960/1197 2384/966/1197 2379/961/1197
f 2378/960/1197 2385/967/1197 2384/966/1197
f 2380/962/1197 2379/961/1197 2386/968/1197
f 2383/965/1197 2387/969/1197 2377/959/1197
f 2379/961/1197 2388/970/1197 2386/968/1197
f 2388/970/1197 2389/971/1197 2386/968/1197
f 2390/972/1196 2391/973/1196 2392/974/1196
f 2390/972/1196 2392/974/1196 2393/975/1196
f 2390/972/1196 2393/975/1196 2394/976/1196
f 2390/972/1196 2394/976/1196 2395/977/1196
f 2390/972/1196 2395/977/1196 2396/978/1196
f 2390/972/1196 2396/978/1196 2397/979/1196
f 2393/975/1196 2398/980/1196 2394/976/1196
f 2393/975/1196 2399/981/1196 2398/980/1196
f 2395/977/1196 2394/976/1196 2400/982/1196
f 2395/977/1196 2400/982/1196 2401/983/1196
f 2396/978/1196 2402/984/1196 2397/979/1196
f 2399/981/1196 2403/985/1196 2398/980/1196
f 2402/984/1196 2404/986/1196 2397/979/1196
f 2405/987/1198 2406/988/1199 2407/989/1198
f 2405/987/1198 2408/990/1200 2406/988/1199
f 2405/987/1198 2407/989/1198 2409/991/1201
f 2405/987/1198 2409/991/1201 2410/992/1202
f 2408/990/1200 2411/993/1198 2406/988/1199
f 2408/990/1200 2412/994/1198 2411/993/1198
f 2409/991/1201 2413/995/1198 2410/992/1202
f 2413/995/1198 2414/996/1198 2410/992/1202
f 2415/997/1203 2416/998/1204 2417/999/1203
f 2415/997/1203 2418/1000/1205 2416/998/1204
f 2415/997/1203 2417/999/1203 2419/1001/1206
f 2415/997/1203 2419/1001/1206 2420/1002/1207
f 2418/1000/1205 2421/1003/1208 2416/998/1204
f 2418/1000/1205 2422/1004/1209 2421/1003/1208
f 2419/1001/1206 2423/1005/1210 2420/1002/1207
f 2422/1004/1209 2424/1006/1211 2421/1003/1208
f 2422/1004/1209 2425/1007/1211 2424/1006/1211
f 2423/1005/1210 2426/1008/1210 2420/1002/1207
f 2427/1009/1212 2428/1010/1212 2429/1011/1213
f 2427/1009/1212 2430/1012/1214 2428/1010/1212
f 2427/1009/1212 2429/1011/1213 2431/1013/1215
f 2427/1009/1212 2432/1014/1216 2430/1012/1214
f 2429/1011/1213 2433/1015/1217 2431/1013/1215
f 2432/1014/1216 2434/1016/1218 2430/1012/1214
f 2432/1014/1216 2435/1017/1218 2434/1016/1218
f 2433/1015/1217 2436/1018/1219 2431/1013/1215
f 2433/1015/1217 2437/1019/1220 2436/1018/1219
f 2437/1019/1220 2438/1020/1220 2436/1018/1219
f 2439/1021/1221 2440/1022/1222 2441/1023/1222
f 2439/1021/1221 2441/1023/1222 2442/1024/1223
f 2439/1021/1221 2442/1024/1223 2443/1025/1224
f 2442/1024/1223 2444/1026/1224 2443/1025/1224
f 2445/1027/1208 2446/1028/1225 2447/1029/1225
f 2445/1027/1208 2448/1030/1226 2446/1028/1225
f 2445/1027/1208 2449/1031/1227 2448/1030/1226
f 2449/1031/1227 2450/1032/1228 2448/1030/1226
f 2449/1031/1227 2451/1033/1221 2450/1032/1228
f 2451/1033/1221 2452/1034/1224 2450/1032/1228
f 2451/1033/1221 2453/1035/1229 2452/1034/1224
f 2453/1035/1229 2454/1036/1229 2452/1034/1224
f 2455/1037/1208 2456/1038/1205 2457/1039/1230
f 2455/1037/1208 2458/1040/1231 2456/1038/1205
f 2455/1037/1208 2459/1041/1232 2458/1040/1231
f 2457/1039/1230 2456/1038/1205 2460/1042/1230
f 2459/1041/1232 2461/1043/1233 2458/1040/1231
f 2459/1041/1232 2462/1044/1234 2461/1043/1233
f 2462/1044/1234 2463/1045/1235 2461/1043/1233
f 2462/1044/1234 2464/1046/1235 2463/1045/1235
f 2465/1047/1226 2466/1048/1236 2467/1049/1236
f 2465/1047/1226 2468/1050/1237 2466/1048/1236
f 2465/1047/1226 2469/1051/1208 2468/1050/1237
f 2469/1051/1208 2470/1052/1208 2468/1050/1237
f 2471/1053/1217 2472/1054/1238 2473/1055/1215
f 2471/1053/1217 2473/1055/1215 2474/1056/1239
f 2471/1053/1217 2474/1056/1239 2475/1057/1240
f 2472/1054/1238 2476/1058/1238 2473/1055/1215
f 2474/1056/1239 2477/1059/1241 2475/1057/1240
f 2477/1059/1241 2478/1060/1242 2475/1057/1240
f 2477/1059/1241 2479/1061/1235 2478/1060/1242
f 2479/1061/1235 2480/1062/1235 2478/1060/1242
f 2481/1063/1243 2482/1064/1244 2483/1065/1245
f 2481/1063/1243 2425/1007/1205 2482/1064/1244
f 2481/1063/1243 2424/1006/1205 2425/1007/1205
f 2483/1065/1245 2482/1064/1244 2484/1066/1245
f 2485/1067/1246 2486/1068/1247 2487/1069/1248
f 2485/1067/1246 2487/1069/1248 2438/1020/1215
f 2485/1067/1246 2438/1020/1215 2437/1019/1215
f 2486/1068/1247 2488/1070/1247 2487/1069/1248
f 2489/1071/1197 2490/1072/1197 2491/1073/1197
f 2489/1071/1197 2492/1074/1197 2490/1072/1197
f 2489/1071/1197 2491/1073/1197 2493/1075/1197
f 2494/1076/1196 2495/1077/1196 2496/1078/1196
f 2494/1076/1196 2497/1079/1196 2495/1077/1196
f 2494/1076/1196 2496/1078/1196 2498/1080/1196
f 2499/1081/1249 2500/1082/1250 2501/1083/1251
f 2499/1081/1249 2502/1084/1252 2500/1082/1250
f 2499/1081/1249 2503/1085/1252 2502/1084/1252
f 2501/1083/1251 2500/1082/1250 2504/1086/1253
f 2501/1083/1251 2504/1086/1253 2505/1087/1204
f 2504/1086/1253 2506/1088/1203 2505/1087/1204
f 2506/1088/1203 2507/1089/1210 2505/1087/1204
f 2506/1088/1203 2508/1090/1210 2507/1089/1210
f 2509/1091/1197 2510/1092/1197 2511/1093/1197
f 2509/1091/1197 2511/1093/1197 2512/1094/1197
f 2509/1091/1197 2512/1094/1197 2513/1095/1197
f 2514/1093/1196 2515/1091/1196 2516/1092/1196
f 2514/1093/1196 2517/1095/1196 2515/1091/1196
f 2514/1093/1196 2518/1094/1196 2517/1095/1196
f 2519/1096/1246 2520/1097/1248 2521/1098/1247
f 2519/1096/1246 2522/1099/1254 2520/1097/1248
f 2519/1096/1246 2523/1100/1254 2522/1099/1254
f 2521/1098/1247 2520/1097/1248 2524/1101/1247
f 2525/1102/1244 2526/1103/1245 2527/1104/1245
f 2525/1102/1244 2527/1104/1245 2528/1105/1243
f 2525/1102/1244 2528/1105/1243 2529/1106/1255
f 2528/1105/1243 2530/1107/1255 2529/1106/1255
f 2531/1076/1197 2532/1077/1197 2533/1078/1197
f 2531/1076/1197 2534/1079/1197 2532/1077/1197
f 2531/1076/1197 2533/1078/1197 2535/1080/1197
f 2536/1071/1196 2537/1072/1196 2538/1073/1196
f 2536/1071/1196 2539/1074/1196 2537/1072/1196
f 2536/1071/1196 2538/1073/1196 2540/1075/1196
f 2541/1108/1256 2542/1109/1257 2543/1110/1258
f 2541/1108/1256 2543/1110/1258 2544/1111/1259
f 2541/1108/1256 2544/1111/1259 2545/1112/1259
f 2542/1109/1257 2546/1113/1260 2543/1110/1258
f 2542/1109/1257 2547/1114/1213 2546/1113/1260
f 2547/1114/1213 2548/1115/1212 2546/1113/1260
f 2547/1114/1213 2549/1116/1218 2548/1115/1212
f 2549/1116/1218 2550/1117/1218 2548/1115/1212
f 2551/1071/1196 2552/1072/1196 2553/1073/1196
f 2551/1071/1196 2554/1074/1196 2552/1072/1196
f 2551/1071/1196 2553/1073/1196 2555/1075/1196
f 2556/1076/1197 2557/1077/1197 2558/1078/1197
f 2556/1076/1197 2559/1079/1197 2557/1077/1197
f 2556/1076/1197 2558/1078/1197 2560/1080/1197
f 2561/1081/1256 2562/1082/1258 2563/1083/1257
f 2561/1081/1256 2564/1084/1259 2562/1082/1258
f 2561/1081/1256 2565/1085/1259 2564/1084/1259
f 2563/1083/1257 2562/1082/1258 2566/1086/1260
f 2563/1083/1257 2566/1086/1260 2567/1087/1213
f 2566/1086/1260 2568/1088/1212 2567/1087/1213
f 2568/1088/1212 2569/1089/1218 2567/1087/1213
f 2568/1088/1212 2570/1090/1218 2569/1089/1218
f 2571/1091/1196 2572/1092/1196 2573/1093/1196
f 2571/1091/1196 2573/1093/1196 2574/1094/1196
f 2571/1091/1196 2574/1094/1196 2575/1095/1196
f 2576/1093/1197 2577/1091/1197 2578/1092/1197
f 2576/1093/1197 2579/1095/1197 2577/1091/1197
f 2576/1093/1197 2580/1094/1197 2579/1095/1197
f 2581/1096/1243 2582/1097/1244 2583/1098/1245
f 2581/1096/1243 2584/1099/1255 2582/1097/1244
f 2581/1096/1243 2585/1100/1255 2584/1099/1255
f 2583/1098/1245 2582/1097/1244 2586/1101/1245
f 2587/1102/1248 2588/1103/1247 2589/1104/1247
f 2587/1102/1248 2589/1104/1247 2590/1105/1246
f 2587/1102/1248 2590/1105/1246 2591/1106/1254
f 2590/1105/1246 2592/1107/1254 2591/1106/1254
f 2593/1076/1196 2594/1077/1196 2595/1078/1196
f 2593/1076/1196 2596/1079/1196 2594/1077/1196
f 2593/1076/1196 2595/1078/1196 2597/1080/1196
f 2598/1071/1197 2599/1072/1197 2600/1073/1197
f 2598/1071/1197 2601/1074/1197 2599/1072/1197
f 2598/1071/1197 2600/1073/1197 2602/1075/1197
f 2603/1108/1249 2604/1109/1251 2605/1110/1250
f 2603/1108/1249 2605/1110/1250 2606/1111/1252
f 2603/1108/1249 2606/1111/1252 2607/1112/1252
f 2604/1109/1251 2608/1113/1253 2605/1110/1250
f 2604/1109/1251 2609/1114/1204 2608/1113/1253
f 2609/1114/1204 2610/1115/1203 2608/1113/1253
f 2609/1114/1204 2611/1116/1210 2610/1115/1203
f 2611/1116/1210 2612/1117/1210 2610/1115/1203
f 2613/1118/1235 2614/1119/1235 2615/1120/1235
f 2613/1118/1235 2616/1121/1235 2614/1119/1235
f 2617/1122/1198 2618/1123/1198 2619/1124/1198
f 2617/1122/1198 2620/1125/1198 2618/1123/1198
f 2621/1118/1235 2622/1119/1235 2623/1120/1235
f 2621/1118/1235 2624/1121/1235 2622/1119/1235
f 2625/1119/1198 2626/1118/1198 2627/1121/1198
f 2625/1119/1198 2628/1120/1198 2626/1118/1198
f 2629/1126/1210 2630/1127/1210 2631/1128/1210
f 2629/1126/1210 2632/1129/1210 2630/1127/1210
f 2633/1127/1218 2634/1126/1218 2635/1128/1218
f 2633/1127/1218 2636/1129/1218 2634/1126/1218
f 2636/1129/1197 2637/1128/1197 2638/1130/1197
f 2636/1129/1197 2633/1127/1197 2637/1128/1197
f 2639/1131/1235 2640/1132/1235 2641/1133/1235
f 2639/1131/1235 2642/1134/1235 2640/1132/1235
f 2643/1135/1235 2644/1136/1235 2645/1137/1235
f 2643/1135/1235 2646/1138/1235 2644/1136/1235
f 2647/1139/1196 2648/1140/1196 2649/1141/1196
f 2647/1139/1196 2650/1142/1196 2648/1140/1196
f 2651/1143/1235 2652/1144/1235 2653/1145/1235
f 2651/1143/1235 2654/1146/1235 2652/1144/1235
f 2655/1142/1197 2656/1141/1197 2657/1140/1197
f 2655/1142/1197 2658/1139/1197 2656/1141/1197
f 2659/1147/1198 2660/1148/1198 2661/1149/1198
f 2659/1147/1198 2662/1150/1198 2660/1148/1198
f 2663/1151/1218 2664/1152/1218 2665/1153/1218
f 2663/1151/1218 2666/1154/1218 2664/1152/1218
f 2667/1153/1210 2668/1154/1210 2669/1151/1210
f 2667/1153/1210 2670/1152/1210 2668/1154/1210
f 2671/1155/1196 2672/1156/1196 2673/1157/1196
f 2671/1155/1196 2674/1158/1196 2672/1156/1196
f 2675/1159/1235 2676/1160/1235 2677/1161/1235
f 2675/1159/1235 2678/1162/1235 2676/1160/1235
f 2679/1156/1197 2680/1155/1197 2681/1158/1197
f 2679/1156/1197 2682/1157/1197 2680/1155/1197
f 2683/1163/1198 2684/1164/1198 2685/1165/1198
f 2683/1163/1198 2686/1166/1198 2684/1164/1198
f 2687/1167/1218 2688/1168/1218 2689/1169/1218
f 2687/1167/1218 2690/1170/1218 2688/1168/1218
f 2691/1167/1210 2692/1168/1210 2693/1169/1210
f 2691/1167/1210 2694/1170/1210 2692/1168/1210
f 2695/1139/1197 2696/1140/1197 2697/1141/1197
f 2695/1139/1197 2698/1142/1197 2696/1140/1197
f 2699/1143/1235 2700/1144/1235 2701/1145/1235
f 2699/1143/1235 2702/1146/1235 2700/1144/1235
f 2703/1142/1196 2704/1141/1196 2705/1140/1196
f 2703/1142/1196 2706/1139/1196 2704/1141/1196
f 2707/1147/1198 2708/1148/1198 2709/1149/1198
f 2707/1147/1198 2710/1150/1198 2708/1148/1198
f 2711/1151/1210 2712/1152/1210 2713/1153/1210
f 2711/1151/1210 2714/1154/1210 2712/1152/1210
f 2715/1153/1218 2716/1154/1218 2717/1151/1218
f 2715/1153/1218 2718/1152/1218 2716/1154/1218
f 2719/1155/1197 2720/1156/1197 2721/1157/1197
f 2719/1155/1197 2722/1158/1197 2720/1156/1197
f 2723/1159/1235 2724/1160/1235 2725/1161/1235
f 2723/1159/1235 2726/1162/1235 2724/1160/1235
f 2727/1156/1196 2728/1155/1196 2729/1158/1196
f 2727/1156/1196 2730/1157/1196 2728/1155/1196
f 2731/1163/1198 2732/1164/1198 2733/1165/1198
f 2731/1163/1198 2734/1166/1198 2732/1164/1198
f 2735/1167/1210 2736/1168/1210 2737/1169/1210
f 2735/1167/1210 2738/1170/1210 2736/1168/1210
f 2739/1167/1218 2740/1168/1218 2741/1169/1218
f 2739/1167/1218 2742/1170/1218 2740/1168/1218
f 2743/1139/1197 2744/1140/1197 2745/1141/1197
f 2743/1139/1197 2746/1142/1197 2744/1140/1197
f 2747/1143/1235 2748/1144/1235 2749/1145/1235
f 2747/1143/1235 2750/1146/1235 2748/1144/1235
f 2751/1142/1196 2752/1141/1196 2753/1140/1196
f 2751/1142/1196 2754/1139/1196 2752/1141/1196
f 2755/1147/1198 2756/1148/1198 2757/1149/1198
f 2755/1147/1198 2758/1150/1198 2756/1148/1198
f 2759/1151/1210 2760/1152/1210 2761/1153/1210
f 2759/1151/1210 2762/1154/1210 2760/1152/1210
f 2763/1153/1218 2764/1154/1218 2765/1151/1218
f 2763/1153/1218 2766/1152/1218 2764/1154/1218
f 2767/1155/1197 2768/1156/1197 2769/1157/1197
f 2767/1155/1197 2770/1158/1197 2768/1156/1197
f 2771/1159/1235 2772/1160/1235 2773/1161/1235
f 2771/1159/1235 2774/1162/1235 2772/1160/1235
f 2775/1156/1196 2776/1155/1196 2777/1158/1196
f 2775/1156/1196 2778/1157/1196 2776/1155/1196
f 2779/1163/1198 2780/1164/1198 2781/1165/1198
f 2779/1163/1198 2782/1166/1198 2780/1164/1198
f 2783/1167/1210 2784/1168/1210 2785/1169/1210
f 2783/1167/1210 2786/1170/1210 2784/1168/1210
f 2787/1167/1218 2788/1168/1218 2789/1169/1218
f 2787/1167/1218 2790/1170/1218 2788/1168/1218
f 2791/1139/1197 2792/1140/1197 2793/1141/1197
f 2791/1139/1197 2794/1142/1197 2792/1140/1197
f 2795/1143/1235 2796/1144/1235 2797/1145/1235
f 2795/1143/1235 2798/1146/1235 2796/1144/1235
f 2799/1142/1196 2800/1141/1196 2801/1140/1196
f 2799/1142/1196 2802/1139/1196 2800/1141/1196
f 2803/1147/1198 2804/1148/1198 2805/1149/1198
f 2803/1147/1198 2806/1150/1198 2804/1148/1198
f 2807/1151/1210 2808/1152/1210 2809/1153/1210
f 2807/1151/1210 2810/1154/1210 2808/1152/1210
f 2811/1153/1218 2812/1154/1218 2813/1151/1218
f 2811/1153/1218 2814/1152/1218 2812/1154/1218
f 2815/1155/1197 2816/1156/1197 2817/1157/1197
f 2815/1155/1197 2818/1158/1197 2816/1156/1197
f 2819/1159/1235 2820/1160/1235 2821/1161/1235
f 2819/1159/1235 2822/1162/1235 2820/1160/1235
f 2823/1156/1196 2824/1155/1196 2825/1158/1196
f 2823/1156/1196 2826/1157/1196 2824/1155/1196
f 2827/1163/1198 2828/1164/1198 2829/1165/1198
f 2827/1163/1198 2830/1166/1198 2828/1164/1198
f 2831/1167/1210 2832/1168/1210 2833/1169/1210
f 2831/1167/1210 2834/1170/1210 2832/1168/1210
f 2835/1167/1218 2836/1168/1218 2837/1169/1218
f 2835/1167/1218 2838/1170/1218 2836/1168/1218
f 2839/1171/1196 2840/1172/1196 2841/1173/1196
f 2839/1171/1196 2842/1174/1196 2840/1172/1196
f 2843/1175/1235 2844/1176/1235 2845/1177/1235
f 2843/1175/1235 2846/1178/1235 2844/1176/1235
f 2847/1172/1197 2848/1171/1197 2849/1174/1197
f 2847/1172/1197 2850/1173/1197 2848/1171/1197
f 2851/1179/1198 2852/1180/1198 2853/1181/1198
f 2851/1179/1198 2854/1182/1198 2852/1180/1198
f 2855/1183/1210 2856/1184/1210 2857/1185/1210
f 2855/1183/1210 2858/1186/1210 2856/1184/1210
f 2859/1187/1235 2860/1188/1235 2861/1189/1235
f 2859/1187/1235 2862/1190/1235 2860/1188/1235
f 2863/1184/1218 2864/1183/1218 2865/1186/1218
f 2863/1184/1218 2866/1185/1218 2864/1183/1218
f 2867/1191/1198 2868/1192/1198 2869/1193/1198
f 2867/1191/1198 2870/1194/1198 2868/1192/1198
f 2871/1183/1218 2872/1184/1218 2873/1185/1218
f 2871/1183/1218 2874/1186/1218 2872/1184/1218
f 2875/1187/1235 2876/1188/1235 2877/1189/1235
f 2875/1187/1235 2878/1190/1235 2876/1188/1235
f 2879/1184/1210 2880/1183/1210 2881/1186/1210
f 2879/1184/1210 2882/1185/1210 2880/1183/1210
f 2883/1191/1198 2884/1192/1198 2885/1193/1198
f 2883/1191/1198 2886/1194/1198 2884/1192/1198
f 2887/1171/1197 2888/1172/1197 2889/1173/1197
f 2887/1171/1197 2890/1174/1197 2888/1172/1197
f 2891/1175/1235 2892/1176/1235 2893/1177/1235
f 2891/1175/1235 2894/1178/1235 2892/1176/1235
f 2895/1172/1196 2896/1171/1196 2897/1174/1196
f 2895/1172/1196 2898/1173/1196 2896/1171/1196
f 2899/1179/1198 2900/1180/1198 2901/1181/1198
f 2899/1179/1198 2902/1182/1198 2900/1180/1198
# Vertices: 688, normals: 113, texture coordinates: 290, faces: 512

